,y_true,y_pred,cv_split,subject
0,7.7552,7.86505843485609,7,sub-NDARAA075AMK
1,11.2867,11.271028359498917,9,sub-NDARAA112DMH
2,8.7405,8.762783899194307,4,sub-NDARAA117NEJ
3,12.9895,12.485004111721835,6,sub-NDARAA947ZG5
4,15.6836,12.566720111408952,8,sub-NDARAA948VFH
5,10.4686,11.057351854548498,6,sub-NDARAB055BPR
6,14.8956,12.64893383755524,5,sub-NDARAB348EWR
7,8.8033,11.9107155240382,6,sub-NDARAB458VK9
8,11.0566,10.61539793429751,3,sub-NDARAB514MAJ
9,12.0395,10.138991761144984,7,sub-NDARAB708LM5
10,13.7015,13.798232801889679,5,sub-NDARAB756JDJ
11,13.3125,12.504471602655235,8,sub-NDARAB793GL3
12,8.8312,7.890507221064775,6,sub-NDARAB977GFB
13,8.5899,8.573891678227094,2,sub-NDARAC349YUC
14,6.9997,5.854603774033533,5,sub-NDARAC350BZ0
15,9.8547,10.033088419462143,4,sub-NDARAC350XUM
16,12.7652,11.215136041882095,8,sub-NDARAC462DZH
17,5.2771,8.394740401685397,5,sub-NDARAC589YMB
18,9.9289,8.266016717411764,2,sub-NDARAC853CR6
19,15.2682,13.974278729591292,8,sub-NDARAC853DTE
20,9.269,7.723499738941818,3,sub-NDARAC857HDB
21,10.6021,5.971880570210021,9,sub-NDARAC904DMU
22,7.6207,6.880131122042718,5,sub-NDARAD224CRB
23,8.5493,8.837165936536707,2,sub-NDARAD232HVV
24,7.2729,7.570186723011863,6,sub-NDARAD481FXF
25,11.9634,10.403062687771813,1,sub-NDARAD571FLB
26,9.1571,9.656623316235391,4,sub-NDARAD615WLJ
27,17.2303,12.961828035536927,6,sub-NDARAD774HAZ
28,5.2228,7.42773035368065,5,sub-NDARAE012DGA
29,21.1761,13.17676109654385,1,sub-NDARAE199TDD
30,9.7374,10.101173193066973,1,sub-NDARAE301XTM
31,7.7575,8.202873775095771,5,sub-NDARAE710YWG
32,11.3337,11.26269993700571,3,sub-NDARAE828CML
33,8.3353,9.819495722987888,7,sub-NDARAE866UVF
34,8.587,8.128279907239728,9,sub-NDARAE877NER
35,17.4687,15.024379349088006,8,sub-NDARAF003VCL
36,15.9875,15.7471929467002,8,sub-NDARAF440XWG
37,7.3828,10.193643538966743,4,sub-NDARAF535XK6
38,8.5602,8.577120270735215,8,sub-NDARAG143ARJ
39,15.2433,13.581516853467498,4,sub-NDARAG191AE8
40,7.8647,8.632994715502493,7,sub-NDARAG340ERT
41,13.9779,10.179413973736256,4,sub-NDARAG584XLU
42,16.4447,13.401433333208594,7,sub-NDARAG610XL4
43,10.1043,10.294142440005297,0,sub-NDARAH239PGG
44,17.7074,16.088009347379767,0,sub-NDARAH304ED7
45,10.129,11.241257480274069,3,sub-NDARAH503YG1
46,10.4762,11.28249600382992,8,sub-NDARAH793FBF
47,12.5926,11.63257009857926,6,sub-NDARAH948UF0
48,13.6636,9.146372602547306,1,sub-NDARAH976BND
49,5.433,9.590184920732213,1,sub-NDARAJ366ZFA
50,8.8696,8.5873392616494,8,sub-NDARAJ689BVN
51,5.8081,4.982339251244335,0,sub-NDARAJ807UYR
52,7.0291,10.803027721540944,7,sub-NDARAJ977PRJ
53,9.1237,6.909300661628345,4,sub-NDARAK653RYE
54,8.5925,8.264096627655114,5,sub-NDARAK738BGC
55,5.362,9.85913864494611,6,sub-NDARAL828WXM
56,5.3624,6.867465254013345,0,sub-NDARAL897CYV
57,12.5712,11.338011750517703,7,sub-NDARAM048AFP
58,12.8719,9.372546158747216,5,sub-NDARAM277WZT
59,9.0907,11.13144016460267,3,sub-NDARAM487XU3
60,9.5371,9.987324751617258,6,sub-NDARAM675UR8
61,5.8518,5.422852381763141,4,sub-NDARAM704GKZ
62,8.2563,7.51651530278833,7,sub-NDARAM848GTE
63,11.2455,10.760165645969611,3,sub-NDARAM873GAC
64,7.6974,9.251933944239026,9,sub-NDARAN076TPG
65,10.7642,9.226619414442178,2,sub-NDARAN160GUF
66,13.3954,14.37617089473759,6,sub-NDARAN262WK6
67,8.4912,9.987763736738453,1,sub-NDARAN385MDH
68,14.3672,15.842687776684702,7,sub-NDARAN461TGQ
69,17.4221,15.458495390409361,1,sub-NDARAN814UPR
70,10.5204,10.969579592514439,1,sub-NDARAN934AZL
71,13.4582,12.836368545723312,3,sub-NDARAP049KXJ
72,9.4309,10.32719829109483,4,sub-NDARAP176AD1
73,10.6322,10.75492843434288,1,sub-NDARAP359UM6
74,8.5816,9.603608391627377,7,sub-NDARAP457WB5
75,13.4308,10.214868595880686,8,sub-NDARAP522AFK
76,11.9357,12.635885219299315,1,sub-NDARAP782TVC
77,9.0284,6.904571483810922,6,sub-NDARAP785CTE
78,7.5003,10.060611407213575,3,sub-NDARAP912JK3
79,8.3653,10.41050648396156,7,sub-NDARAR238RZ8
80,7.8236,7.5158841135917775,7,sub-NDARAR305LXG
81,9.9368,10.143396252570588,5,sub-NDARAT244VGA
82,9.8875,10.534283972471522,7,sub-NDARAT299YRR
83,14.8354,13.572038567644078,3,sub-NDARAT358XM9
84,7.6616,10.395177498330293,2,sub-NDARAT680GJA
85,9.9536,11.674622816048172,6,sub-NDARAT709MMX
86,11.1906,9.497638989994568,5,sub-NDARAU447JZH
87,13.6525,12.707658256828912,3,sub-NDARAU708TL8
88,7.4926,7.616452483487306,6,sub-NDARAU939WUK
89,11.2489,10.112093213519401,8,sub-NDARAV031PPJ
90,9.0333,9.177444624180902,8,sub-NDARAV187GJ5
91,12.3713,11.624261328748526,4,sub-NDARAV454VF0
92,16.9512,10.534279908734028,6,sub-NDARAV519RND
93,7.1255,6.906953658092054,0,sub-NDARAV534CJH
94,11.0813,8.848842638061054,7,sub-NDARAV610EY3
95,17.2611,13.86330309139882,9,sub-NDARAV747WVL
96,11.9086,9.098599896985293,0,sub-NDARAV894XWD
97,5.0716,6.8880289016819765,7,sub-NDARAW216PM7
98,9.0387,8.379102796266553,9,sub-NDARAW298ZA9
99,11.0976,10.92268269786181,2,sub-NDARAW320CGR
100,5.3783,3.6151087531770534,1,sub-NDARAX075WL9
101,5.6143,9.360572960967874,4,sub-NDARAX272ZJL
102,6.5008,9.352657616008322,7,sub-NDARAX277ATU
103,5.8389,5.777758535492808,9,sub-NDARAX283MAK
104,11.1606,12.301282613963611,7,sub-NDARAX287BLD
105,9.1264,8.973040637839944,3,sub-NDARAX358NB5
106,7.5057,6.292972363365407,6,sub-NDARAX722PKY
107,8.9484,6.6623587594910205,4,sub-NDARAX887JRN
108,5.9888,5.827569121851699,6,sub-NDARAY238DFL
109,8.47,11.523495430805221,1,sub-NDARAY283AU1
110,5.5672,6.511885413121544,7,sub-NDARAY298THW
111,12.9402,12.114391878474109,0,sub-NDARAY461TZZ
112,5.7731,5.745651537062418,6,sub-NDARAY475AKD
113,14.0245,13.955151994379635,5,sub-NDARAY734WB0
114,13.6165,13.85991457095121,8,sub-NDARAZ068TNJ
115,13.896,12.535749996589473,3,sub-NDARBA004KBT
116,16.0154,16.690502465996328,8,sub-NDARBA507GCT
117,14.192,14.86642523805287,7,sub-NDARBA521RA8
118,5.8847,5.528379120892294,2,sub-NDARBA680RFY
119,6.0821,8.41984573734592,8,sub-NDARBA839HLG
120,7.3004,7.089943212833699,2,sub-NDARBB118UDB
121,11.101,10.143462425031384,3,sub-NDARBB854DRN
122,7.4212,8.941282270838485,9,sub-NDARBC240LNC
123,20.4124,15.415943202971583,2,sub-NDARBC296PLU
124,14.3316,13.263837202557518,1,sub-NDARBC580HR5
125,9.8469,10.36631638741113,7,sub-NDARBC734UVY
126,14.1072,8.91381921665932,5,sub-NDARBD328NUQ
127,9.0065,8.789240324622865,8,sub-NDARBD370RBY
128,17.2715,13.67421168828076,2,sub-NDARBD566RRW
129,7.9164,9.790399323649387,5,sub-NDARBD879MBX
130,8.798,10.512437138481898,9,sub-NDARBD992CH7
131,14.142,12.626125623961675,6,sub-NDARBE091BGD
132,11.0704,11.62707915450012,7,sub-NDARBE103DHM
133,8.6664,10.685703269477662,7,sub-NDARBE641DGZ
134,5.8847,6.697703754915294,0,sub-NDARBE719PMB
135,9.9422,9.000147677849684,1,sub-NDARBF042LDM
136,13.8329,15.213249638844204,4,sub-NDARBF176LPM
137,6.8874,6.466713776956659,7,sub-NDARBF183RFB
138,8.9791,10.299189681200794,6,sub-NDARBF293YRB
139,7.0265,10.534281508789503,6,sub-NDARBF805EHN
140,6.1453,7.205849707256299,5,sub-NDARBF851NH6
141,6.3201,6.757491484520696,1,sub-NDARBF906DVB
142,10.364,12.068891873756762,6,sub-NDARBG188RA5
143,10.8814,10.44545466313595,8,sub-NDARBG574KF4
144,6.0655,7.589007364538448,6,sub-NDARBG831VK4
145,10.8815,8.592102020078148,7,sub-NDARBH019KPD
146,15.0845,13.18869516574,9,sub-NDARBH024NH2
147,5.5946,8.998440061056902,5,sub-NDARBH228RDW
148,8.6719,8.048420987685784,4,sub-NDARBH512BHA
149,16.8614,16.31629891810412,1,sub-NDARBH728DFK
150,8.0394,7.051390245092878,5,sub-NDARBH992ARB
151,5.3974,7.092237252826861,2,sub-NDARBJ159HXB
152,12.4454,14.88404071354379,3,sub-NDARBJ375VP4
153,12.949000000000002,11.982539399192149,8,sub-NDARBJ478HW5
154,10.0136,9.974951748119167,8,sub-NDARBJ482HJL
155,7.7005,8.651605732791738,5,sub-NDARBJ637CFZ
156,10.3749,12.330849729718462,5,sub-NDARBJ674TVU
157,13.1269,14.277378694884757,2,sub-NDARBK082PDD
158,8.4726,8.835181574962988,2,sub-NDARBK106KRH
159,13.83,13.57922002587034,4,sub-NDARBK638HLZ
160,8.8854,8.098023249029277,9,sub-NDARBK669XJQ
161,8.0039,9.695710793336623,9,sub-NDARBL042LWN
162,18.4822,15.294233134630463,3,sub-NDARBL117AUV
163,21.899,17.127739859367672,1,sub-NDARBL170XJX
164,11.6129,12.53136724420638,5,sub-NDARBL214YLX
165,5.6165,8.273123454825626,7,sub-NDARBL242L4H
166,9.2551,7.952009233131339,8,sub-NDARBL444FBA
167,15.0185,13.545192557003078,4,sub-NDARBL935ZUA
168,9.9423,8.808566764081888,0,sub-NDARBM173BJG
169,9.8053,11.950820558697089,4,sub-NDARBM197EFF
170,16.0756,14.391000685896392,0,sub-NDARBM213BEA
171,12.9212,12.600864366116578,6,sub-NDARBM370JCB
172,8.9101,11.444212680917856,8,sub-NDARBM433VER
173,12.0586,13.64587130876188,0,sub-NDARBM642JFT
174,5.3049,6.43100127017147,2,sub-NDARBM839WR5
175,12.5817,10.947711059530816,0,sub-NDARBN365EV3
176,6.8354,9.466338885064916,7,sub-NDARBN611GRA
177,14.772,14.69045817391683,2,sub-NDARBN620TT7
178,10.1421,12.543810281440933,0,sub-NDARBP398JHL
179,15.8889,11.388875282847604,1,sub-NDARBP681MTT
180,11.8507,8.631278788602792,8,sub-NDARBP770MUM
181,17.1376,13.41107691431027,5,sub-NDARBP894XHG
182,17.8055,10.87004885428136,4,sub-NDARBR128UFP
183,5.4637,8.272254549372374,7,sub-NDARBR533KJZ
184,9.2196,10.684080710518973,2,sub-NDARBR740NKV
185,12.2611,12.069267859450669,2,sub-NDARBT436PMT
186,11.8644,9.215282618471633,9,sub-NDARBT607PZL
187,6.175,7.488572580409986,4,sub-NDARBT640EBN
188,7.5279,8.355061369388986,0,sub-NDARBT747UHM
189,12.1107,13.305474071800514,9,sub-NDARBU098PJT
190,6.5117,10.7015189158833,8,sub-NDARBU112XZE
191,8.7327,6.417029779724822,3,sub-NDARBU183TDJ
192,11.5171,12.979995454588952,2,sub-NDARBU532YXZ
193,10.093,11.600601067763138,6,sub-NDARBU607ZZ3
194,14.4077,11.87739588628801,0,sub-NDARBU668NTV
195,13.0934,10.992698679959835,5,sub-NDARBU730PN8
196,10.9498,10.072903370449444,0,sub-NDARBU757VJK
197,9.2277,11.439800608620828,9,sub-NDARBU928LV0
198,13.6521,11.849104613442464,3,sub-NDARBV059CGE
199,11.8099,10.01514930628737,1,sub-NDARBV167RMU
200,9.2447,9.772840971905747,9,sub-NDARBV364MBC
201,16.285999999999998,14.735649786580165,9,sub-NDARBV577EE0
202,11.533,11.15279517936456,9,sub-NDARBV630BK6
203,10.0878,9.772077576961001,2,sub-NDARBV680AA8
204,7.8265,9.533897620927833,7,sub-NDARBW026UGE
205,11.7334,12.767426618054614,3,sub-NDARBW255JE1
206,8.8281,8.696286087945142,9,sub-NDARBW268XPY
207,11.0818,9.91168446980638,3,sub-NDARBW971DCW
208,9.8962,10.663442629657508,1,sub-NDARBX121UM9
209,5.5979,8.443326980661709,3,sub-NDARBX400RTC
210,11.7935,12.215950123059825,0,sub-NDARBX974XDR
211,6.249,10.036622977159038,0,sub-NDARBY518PRN
212,7.1939,8.24440238108236,0,sub-NDARBZ444ZHK
213,6.5529,8.177130364444356,6,sub-NDARBZ475NKK
214,9.8245,10.363869502695223,5,sub-NDARBZ913ZB9
215,14.6104,14.5415290631938,5,sub-NDARBZ925PRF
216,7.1497,3.7479653197280998,8,sub-NDARCA050RZL
217,13.6663,12.006339303416299,5,sub-NDARCA153NKE
218,9.4691,11.459381387618679,0,sub-NDARCA186WGH
219,10.9909,12.148926093856735,2,sub-NDARCA578CEB
220,6.0819,9.080121509065705,2,sub-NDARCA618DGA
221,11.8808,7.055383570166532,3,sub-NDARCA740UC8
222,12.5378,10.000012024266875,3,sub-NDARCA789EE0
223,9.9039,9.554796598423197,7,sub-NDARCB142ZPB
224,9.0962,9.55547559209152,6,sub-NDARCB305AFY
225,9.4414,12.447915974622823,8,sub-NDARCB370UK4
226,12.0532,12.88763045004339,3,sub-NDARCB504PGG
227,12.1882,13.550733717298446,6,sub-NDARCB627KDN
228,5.2254,8.34131992222595,6,sub-NDARCC059WTH
229,9.2858,10.919035307108654,1,sub-NDARCC101PA9
230,17.023,13.383778879710361,2,sub-NDARCC140AAK
231,6.7061,8.739038806774346,1,sub-NDARCC620ZFT
232,8.0702,9.249532987419208,6,sub-NDARCC824FCL
233,13.1319,12.293177749986409,0,sub-NDARCD182XT1
234,7.7935,8.416629941230388,8,sub-NDARCD296XU9
235,13.5486,12.32519905431632,7,sub-NDARCD357CZR
236,9.4112,7.466212601235486,5,sub-NDARCD401HGZ
237,12.6751,15.146250824982307,1,sub-NDARCD453JG4
238,10.8272,10.143908178372035,6,sub-NDARCD543VK6
239,6.8348,9.549714264905656,0,sub-NDARCD661GL0
240,8.8662,9.820549451156724,1,sub-NDARCE162VRB
241,16.322,14.354715488046224,9,sub-NDARCE353XKH
242,16.1194,13.613601120286459,6,sub-NDARCE368YHM
243,8.0969,10.679378318482657,5,sub-NDARCE721YB5
244,16.1216,10.940778676546334,4,sub-NDARCF052AE0
245,17.3022,16.714641365826004,8,sub-NDARCF247TDJ
246,17.1927,14.025540756672987,0,sub-NDARCG037CX4
247,10.2687,11.675323360698599,1,sub-NDARCG159AAP
248,9.5864,10.508345111423488,7,sub-NDARCG438NML
249,7.7389,9.732304333994737,7,sub-NDARCG785NND
250,12.5082,10.857804115184228,4,sub-NDARCG947ZC0
251,10.1564,10.071194078179014,0,sub-NDARCG984YXZ
252,16.034000000000002,13.301365740444261,1,sub-NDARCH001CN2
253,13.1215,14.110869589703649,9,sub-NDARCH514JCT
254,8.6943,8.655143816129579,0,sub-NDARCH628LKW
255,8.984,10.02463509532866,7,sub-NDARCH755XDL
256,16.516,17.17968400665297,3,sub-NDARCH868WVX
257,14.3535,10.785281885440591,3,sub-NDARCH881EFG
258,10.2112,8.619843479176843,6,sub-NDARCH889NUF
259,10.7089,9.309792390538904,0,sub-NDARCJ011TTG
260,8.9407,7.689386482651725,6,sub-NDARCJ170CT9
261,6.7553,8.716899697223177,1,sub-NDARCJ363KLE
262,12.8422,11.847243777441186,9,sub-NDARCJ433TCG
263,7.4373,7.679868252314759,3,sub-NDARCJ475WJP
264,5.9617,9.431005995643407,8,sub-NDARCJ594BWQ
265,14.964,14.437534462419212,4,sub-NDARCK113CJM
266,12.1765,10.865054279069053,2,sub-NDARCK162REX
267,10.1092,10.770023166815182,7,sub-NDARCK427YBH
268,13.6389,11.388001724501457,8,sub-NDARCK481KRH
269,10.4432,10.130931982726246,6,sub-NDARCK647MU6
270,11.5684,10.052085059564359,3,sub-NDARCK661RZ6
271,17.4358,12.988265977052128,4,sub-NDARCL008HLA
272,14.9201,15.295000218086006,3,sub-NDARCL016NHB
273,9.3349,8.721558137100399,3,sub-NDARCL080RHP
274,5.198,9.683707287545657,4,sub-NDARCL105LUE
275,8.927,9.5741324091804,2,sub-NDARCL253KU1
276,9.209,7.4751302863352,6,sub-NDARCL895UV8
277,8.2558,9.653835377365228,3,sub-NDARCM050BN2
278,10.0218,11.664408714210904,2,sub-NDARCM135DVC
279,10.1126,12.905635406432683,1,sub-NDARCM717HCJ
280,16.0094,14.090685127527525,7,sub-NDARCM826PV9
281,11.3528,9.657031434659734,2,sub-NDARCM953HKD
282,15.6157,10.609507581174647,0,sub-NDARCN500KJG
283,13.4309,10.883662877170877,2,sub-NDARCN669XPR
284,10.4274,9.702048773355035,8,sub-NDARCN681CXW
285,7.1475,8.892160682395374,5,sub-NDARCP073AFY
286,18.0386,18.127668917953905,2,sub-NDARCP292KPA
287,15.9743,16.5063101251893,2,sub-NDARCP360AFD
288,17.1018,13.42635391449022,5,sub-NDARCP452ZVH
289,12.9183,10.714122172414806,0,sub-NDARCP642KML
290,9.209,8.79066015185811,2,sub-NDARCR499NE4
291,9.1237,9.276147879689566,1,sub-NDARCR582GKJ
292,8.7623,8.390041081275248,4,sub-NDARCR594JN0
293,5.0414,7.439667660268832,9,sub-NDARCR715LEY
294,7.355,8.886640994829293,3,sub-NDARCR743RHQ
295,21.715,14.347363481891916,6,sub-NDARCT277WK9
296,7.8784,9.645497041576494,0,sub-NDARCT301RK9
297,13.7732,15.42113829693821,2,sub-NDARCT472UJ7
298,11.5822,11.02038250250849,0,sub-NDARCT889DMB
299,6.4493,7.108086030235544,2,sub-NDARCT933HF2
300,6.3065,8.612448314444945,3,sub-NDARCT974NAJ
301,16.6259,14.879549844015717,8,sub-NDARCU001ZN7
302,7.9958,9.97080689644396,6,sub-NDARCU034JPB
303,7.4019,7.474990827243447,2,sub-NDARCU118LMX
304,10.9227,12.421044346454925,3,sub-NDARCU621EBN
305,11.5279,10.852165351193253,3,sub-NDARCU633GCZ
306,7.417999999999998,8.594594995825146,2,sub-NDARCU736GZ1
307,10.561,10.38046701588712,2,sub-NDARCU744XWL
308,12.2153,12.150973320870177,3,sub-NDARCU865PBV
309,8.5848,7.368714450088711,3,sub-NDARCU891YET
310,5.4522,6.97615493053045,4,sub-NDARCU957PGQ
311,11.6781,8.789375273844518,2,sub-NDARCV378MMX
312,11.103,13.012849127103992,5,sub-NDARCV440TRV
313,6.7308,6.3221918921173526,3,sub-NDARCV606ZZ5
314,15.1119,14.527506647148233,6,sub-NDARCV628NRY
315,12.4397,10.81863817984533,1,sub-NDARCV628UUW
316,12.4807,13.42796042737331,3,sub-NDARCV944JA6
317,9.0826,4.399216491758535,9,sub-NDARCV981XUY
318,10.7285,10.752609386601705,0,sub-NDARCW071AU5
319,14.3202,13.0078471762622,6,sub-NDARCW094JCG
320,9.611,6.084633701134268,6,sub-NDARCW419GBD
321,10.0496,8.5829042084534,0,sub-NDARCW497XW2
322,5.2036,7.873522156888987,1,sub-NDARCW611MK5
323,6.2763,9.58391039085736,5,sub-NDARCW932EU6
324,8.8558,11.460163706805337,0,sub-NDARCW933FD5
325,8.3164,10.55632958780188,6,sub-NDARCW946WNE
326,9.1022,10.784266037284185,5,sub-NDARCW963FP9
327,16.4808,16.72578313540381,5,sub-NDARCX021XWF
328,9.0392,9.896290720424963,6,sub-NDARCX053GU5
329,5.6302,8.332346850969117,5,sub-NDARCX221CWA
330,12.4857,11.73536805979659,9,sub-NDARCX462NVA
331,10.0113,12.217215745621724,2,sub-NDARCX505WVX
332,7.9764,9.03071316527658,1,sub-NDARCX580WB7
333,13.674,14.780422903373552,6,sub-NDARCY178KJP
334,6.1947,6.169874557571832,4,sub-NDARCZ388PF5
335,16.645,9.120683909050433,8,sub-NDARCZ770BRG
336,5.7594,6.182783012519646,6,sub-NDARCZ915NC1
337,18.9805,17.57161410628973,9,sub-NDARCZ947WU5
338,12.8006,11.926871447169603,4,sub-NDARDA573XGG
339,8.5274,9.695180729102844,4,sub-NDARDA656RBN
340,17.288,16.334862644347105,2,sub-NDARDA665DRH
341,12.8664,14.520177348376887,5,sub-NDARDB033FW5
342,11.2426,10.413464126834862,2,sub-NDARDB146NWY
343,5.5343,6.984772635134368,3,sub-NDARDB224XUD
344,12.5297,10.37207357719245,2,sub-NDARDB804YHE
345,15.2242,14.802625510997098,6,sub-NDARDC003YG7
346,8.5274,9.139187048064123,5,sub-NDARDC389TLD
347,11.0105,11.483761128917267,7,sub-NDARDC704GKW
348,10.353,12.13580732384308,4,sub-NDARDC814WW2
349,12.3844,14.96620175216208,6,sub-NDARDC843HHM
350,9.1126,7.823367385431672,1,sub-NDARDC987BMU
351,9.277,12.886806564500485,2,sub-NDARDD073JKZ
352,15.303,11.745730652496055,4,sub-NDARDD128NWL
353,7.0894,4.909938502116373,1,sub-NDARDD193HUP
354,8.5794,6.300379277596002,0,sub-NDARDD531EP2
355,11.8917,11.221402210166817,5,sub-NDARDD854GF8
356,12.5843,13.761137865498258,8,sub-NDARDE283PLC
357,7.5603,7.464859609508769,7,sub-NDARDE294HNX
358,7.5549,8.612879217563913,3,sub-NDARDE319VD1
359,8.535,7.25280809634271,7,sub-NDARDE502TEU
360,8.5569,9.1366637305221,2,sub-NDARDE597GKQ
361,10.7697,12.428336265478487,1,sub-NDARDE827UF0
362,8.8526,10.523161423402403,6,sub-NDARDE877RFH
363,20.8418,13.812530957033848,4,sub-NDARDF373ZDW
364,8.4447,8.255820101981481,6,sub-NDARDF374LGN
365,19.7932,13.863509850092324,3,sub-NDARDF568GL5
366,7.8177,8.1152926475493,2,sub-NDARDG484ZJ1
367,8.7679,9.222577445628543,0,sub-NDARDG747ULB
368,8.0805,7.423678184950303,0,sub-NDARDG929LYJ
369,15.2072,15.104406795816084,8,sub-NDARDH086ZKK
370,7.9957,11.130811912677745,5,sub-NDARDH214UVC
371,8.3741,9.046774825646148,4,sub-NDARDH270YR5
372,9.294,11.622784298562134,7,sub-NDARDH305AV2
373,12.3574,13.877913748783595,7,sub-NDARDH328DR9
374,12.2996,11.310298100627138,2,sub-NDARDH670PXH
375,8.4967,9.621813357357311,6,sub-NDARDH793TRR
376,6.8978,9.377769497092999,4,sub-NDARDH934MUV
377,9.1434,7.29217161952732,3,sub-NDARDJ083LD3
378,6.5753,6.1971203127785515,9,sub-NDARDJ092YKH
379,7.7109,9.19489460830447,9,sub-NDARDJ204EPU
380,9.1729,8.617985067936353,3,sub-NDARDJ544BU5
381,15.6124,16.234191227555506,3,sub-NDARDJ585AVY
382,15.4733,11.90614343872757,3,sub-NDARDJ825GBP
383,13.8277,14.436206427266338,2,sub-NDARDJ947WXC
384,11.9164,11.72578421255998,7,sub-NDARDJ970ELG
385,11.8867,10.777477024735457,5,sub-NDARDK197BHM
386,10.0736,7.243862894801037,7,sub-NDARDK794WV3
387,11.1721,9.948509869052598,1,sub-NDARDL129FV3
388,7.6513,9.82086179645179,7,sub-NDARDL305BT8
389,10.8239,10.416113059535316,7,sub-NDARDL377ZT7
390,8.2399,8.947625659105436,6,sub-NDARDL389KT5
391,8.4995,7.898175176304936,9,sub-NDARDL511UND
392,8.8828,11.50421845256766,9,sub-NDARDL862DP6
393,9.7731,7.403193744247876,4,sub-NDARDM118LR6
394,7.6348,8.154952899316813,3,sub-NDARDM385EK2
395,15.9743,17.18222743059609,8,sub-NDARDM419DLQ
396,7.3612,5.147813543692171,8,sub-NDARDM425CG2
397,12.9895,13.214020831377576,9,sub-NDARDN393BJH
398,5.1126,5.176355626864865,4,sub-NDARDN489EXJ
399,11.24,15.27051998560027,8,sub-NDARDN702GXX
400,11.5165,12.46085349101676,9,sub-NDARDN924BV2
401,10.5287,9.537642574160257,6,sub-NDARDN996CPF
402,5.928999999999999,7.753288150792065,1,sub-NDARDP292DVC
403,11.8588,12.75667769516919,9,sub-NDARDP725ZVY
404,8.2121,7.72396490539524,7,sub-NDARDR067YMC
405,14.5338,11.898465008195695,4,sub-NDARDR103FJQ
406,10.9586,9.424914421972941,2,sub-NDARDR240WKM
407,9.4009,13.61420426471124,1,sub-NDARDR296XHN
408,10.7121,8.210017709720486,1,sub-NDARDR304HHJ
409,12.0341,13.462394213986144,3,sub-NDARDR439HY2
410,6.4597,8.552140698507321,1,sub-NDARDR458MR7
411,9.9341,11.590267942836668,3,sub-NDARDR591AUC
412,9.9867,8.482715167274694,8,sub-NDARDR595ZE5
413,14.9744,13.755644087414638,4,sub-NDARDR804MFE
414,7.6945,10.274211604113512,0,sub-NDARDT499DWP
415,11.1692,8.478461539090599,3,sub-NDARDT528ZZJ
416,6.2029,6.478184578175709,2,sub-NDARDU314YVY
417,9.0497,10.351026643204877,8,sub-NDARDU482DGK
418,15.6075,14.456491386587789,9,sub-NDARDU566NUY
419,15.3194,13.36586482098448,5,sub-NDARDU602LPX
420,12.4857,12.542955141640974,0,sub-NDARDU617ZW1
421,13.841,11.535554603111759,6,sub-NDARDU760YZC
422,7.4726,9.56653689572603,0,sub-NDARDU853XZ6
423,14.1509,15.03895275059516,2,sub-NDARDU986RBM
424,8.5488,9.960369458271602,6,sub-NDARDV088AA3
425,11.1885,11.529809403837946,4,sub-NDARDV204BYM
426,8.8806,11.116501578286973,2,sub-NDARDV222JZ6
427,14.1723,13.422429374826335,3,sub-NDARDV245WJG
428,11.2564,9.029735163877529,5,sub-NDARDV310UEG
429,8.1331,9.072133178288853,3,sub-NDARDV648WB5
430,8.3847,8.896307628688398,0,sub-NDARDV865ENP
431,7.8287,8.936942781174896,4,sub-NDARDW178AC6
432,5.863,5.671727765270325,1,sub-NDARDW416KWZ
433,5.5843,8.929492236304222,0,sub-NDARDW741HCF
434,10.3312,8.954739288080871,7,sub-NDARDX173WLD
435,13.1238,10.5414609115522,0,sub-NDARDX451ZGM
436,10.7554,10.648798634949404,4,sub-NDARDX469TC1
437,14.5478,14.318102460381205,7,sub-NDARDX561MRY
438,9.9231,10.259788016878828,1,sub-NDARDX770PJK
439,5.7018,9.100948254885884,3,sub-NDARDX857DLB
440,12.7458,11.461971240970023,1,sub-NDARDX872VH6
441,10.8244,9.464577275736286,5,sub-NDARDY150ZP9
442,9.4878,6.789137403609453,5,sub-NDARDY421HTK
443,9.1023,8.947096756953306,1,sub-NDARDY714NV9
444,9.7177,10.277277335420049,8,sub-NDARDY741VEB
445,8.0477,8.624661441006381,0,sub-NDARDY776AKH
446,15.0457,13.97503127778447,7,sub-NDARDZ058NZN
447,7.3171,8.06768698659325,3,sub-NDARDZ147ETZ
448,14.0027,13.456411926805334,7,sub-NDARDZ266KET
449,9.5538,11.698773674010285,7,sub-NDARDZ321FMY
450,10.1809,8.122501110612442,1,sub-NDARDZ425JVB
451,7.9655,7.352272056098277,5,sub-NDARDZ440NGK
452,10.0818,10.443622264852207,9,sub-NDARDZ528DLZ
453,9.674,5.316586929220834,4,sub-NDARDZ627XFA
454,5.7701,8.538687628552399,4,sub-NDARDZ946KVL
455,9.2604,11.339924845903782,9,sub-NDAREA730YXX
456,15.0681,12.661745371841773,7,sub-NDAREB290UCN
457,9.3898,9.504874065471217,0,sub-NDAREB303XDC
458,9.3568,10.984010633185589,3,sub-NDAREB662RLE
459,8.086,10.101049787254107,9,sub-NDAREB953UMY
460,6.7063,9.809531613770169,7,sub-NDAREC078VFT
461,8.4782,9.738545069773622,0,sub-NDAREC182WW2
462,13.8688,14.805806231433117,3,sub-NDAREC277JCP
463,8.4256,10.793915771004801,0,sub-NDAREC377AU2
464,8.1056,10.584675532984084,0,sub-NDAREC480KFA
465,11.9438,11.307296120538547,4,sub-NDAREC542MH3
466,10.6295,11.024167772057663,9,sub-NDAREC647MKW
467,6.274,6.953545910698422,6,sub-NDAREC648WEL
468,7.6178,7.582023527709497,5,sub-NDARED010UML
469,5.5075,7.292554417702492,8,sub-NDARED628HMQ
470,8.0449,7.347883467583,7,sub-NDAREE196FEG
471,7.8889,7.604962151927688,1,sub-NDAREE543HYQ
472,16.4233,13.8505694946043,2,sub-NDAREE675XRY
473,15.3199,13.951848417072174,6,sub-NDAREF057VX5
474,5.2692,5.440012917789063,9,sub-NDAREF074ZAQ
475,15.9935,15.932755182442488,7,sub-NDAREF389RY2
476,10.5338,8.538339245979085,4,sub-NDAREF624KJN
477,10.1969,10.607950735807776,5,sub-NDAREF848YWD
478,10.4492,10.324884784838456,1,sub-NDAREF888EVV
479,12.42,10.55450878528226,0,sub-NDAREF893ZM8
480,11.5822,9.052080202931837,0,sub-NDAREG013BLG
481,9.9012,8.787647113833016,4,sub-NDAREG350WZ4
482,10.394,9.640400712834094,1,sub-NDAREG408DJ5
483,6.657,8.381997923548553,3,sub-NDAREG561ML5
484,7.1196,8.625397958111542,6,sub-NDAREG590BNY
485,10.0546,11.781572515013869,1,sub-NDAREG930XPP
486,13.6856,18.55889901370372,0,sub-NDAREH074NG8
487,12.3736,13.17798263188996,8,sub-NDAREH852JE0
488,6.26,8.315124854277895,9,sub-NDAREH876HG2
489,12.2728,15.925928702082231,2,sub-NDAREH905REB
490,10.0522,10.467921499503428,5,sub-NDAREJ923AYR
491,12.7163,12.887901536560078,3,sub-NDAREK255DEE
492,12.7572,11.532984551512973,9,sub-NDAREK375DKR
493,10.6104,10.140926531785244,5,sub-NDAREK395BM3
494,6.2598,6.0604678480139516,3,sub-NDAREK544ENR
495,8.1112,9.903953163561381,0,sub-NDAREK549XUQ
496,12.5301,10.610880523820956,8,sub-NDAREK575JNM
497,9.086,9.849555758252425,2,sub-NDAREK686WN1
498,9.6006,8.185698270749242,1,sub-NDAREK801BPB
499,11.6294,10.784137466207147,8,sub-NDAREK918EC2
500,16.3795,12.627054052487843,3,sub-NDAREK947FYP
501,20.9101,13.982481435980837,7,sub-NDAREL0366HL
502,13.7261,11.2790501861499,9,sub-NDAREL164JM1
503,8.461,7.8087958816086145,6,sub-NDAREL410HHK
504,14.4188,12.799244803599949,7,sub-NDAREL721PGQ
505,12.2673,9.810566451669992,4,sub-NDAREM018TJQ
506,10.7063,10.668845510625374,3,sub-NDAREM141CKP
507,8.9812,8.513104218541768,1,sub-NDAREM155HGQ
508,10.0518,7.013305361122733,0,sub-NDAREM333CK5
509,9.1899,11.618807714644616,1,sub-NDAREM356FXV
510,12.943,15.25347446906257,8,sub-NDAREM500WWH
511,7.287000000000001,10.15967944350383,2,sub-NDAREM609ZXW
512,9.8634,9.964163639241683,8,sub-NDAREM703YFD
513,6.3619,6.092510548347063,5,sub-NDAREM731BYM
514,16.9621,15.804490356624536,3,sub-NDAREM887YY8
515,11.8479,9.206325113033813,8,sub-NDAREN151YXN
516,6.9005,5.589315072194442,5,sub-NDAREN242VPZ
517,10.0052,12.316232025505363,7,sub-NDAREN417DJE
518,8.4885,6.632826481006591,0,sub-NDAREN519BLJ
519,8.3652,9.15771356822437,3,sub-NDAREN667YTZ
520,9.691,7.695117556444434,5,sub-NDAREN969HF7
521,9.4003,9.249440115904267,0,sub-NDAREN999ERM
522,15.2318,12.334401119361662,0,sub-NDAREP061MTY
523,16.259,12.534143979152862,6,sub-NDAREP505XAD
524,10.9887,11.101724250297435,8,sub-NDARER115FTJ
525,16.4857,7.848974564696093,6,sub-NDARER379GTP
526,13.4582,14.022973054606624,3,sub-NDARER840MKU
527,7.4455,6.562635005043618,0,sub-NDARET067PK6
528,7.0599,5.671163179164378,0,sub-NDARET332CTB
529,15.0018,16.489395952768476,2,sub-NDARET484TTP
530,5.7976,9.083917985613946,0,sub-NDARET550NXC
531,7.7301,7.148131892814286,6,sub-NDARET558NB3
532,7.7903,8.383400557570564,1,sub-NDARET632ELD
533,9.3871,9.98974931250837,6,sub-NDARET653TAM
534,9.6883,8.888553446993843,4,sub-NDARET888KD2
535,20.2974,14.725947784862086,3,sub-NDARET893AK8
536,8.3571,10.73703339062129,6,sub-NDARET949LMU
537,7.1826,6.54898230262818,8,sub-NDAREU438HAF
538,5.4358,7.682802803234642,3,sub-NDAREU551GPC
539,11.8752,12.438314785991006,7,sub-NDAREU591YYA
540,9.2228,9.560214619548294,9,sub-NDAREU890CYJ
541,8.2372,11.442925719278529,7,sub-NDAREV342ABE
542,10.5035,7.925211624990716,6,sub-NDAREV372WDG
543,9.5184,10.216512372742447,3,sub-NDAREV527ZRF
544,10.4848,12.912724402591659,0,sub-NDAREV601CE7
545,8.5327,7.507239286287526,7,sub-NDAREV617HAP
546,6.3338,10.149763618395479,8,sub-NDAREV848HWX
547,10.0026,11.843832749419017,6,sub-NDAREV970HAN
548,10.29,10.88698327267596,2,sub-NDAREW074ZM2
549,11.9497,7.691707064624922,5,sub-NDAREW201WD9
550,10.4214,9.641896416732962,8,sub-NDAREW430AYU
551,13.0092,15.58041228503652,5,sub-NDAREW557WZM
552,6.3065,11.095833210853542,3,sub-NDAREW661NZJ
553,10.8217,9.046190200814737,6,sub-NDAREW671HZW
554,6.5068,9.332668485884739,1,sub-NDAREW937RMY
555,9.926,8.829090002328858,2,sub-NDAREW976FNL
556,11.2625,14.584332277460899,4,sub-NDAREX065KJU
557,11.5274,10.732368421114504,3,sub-NDAREX091KUR
558,6.3749,5.597645971044826,6,sub-NDAREX336AC1
559,8.0919,8.99060137587809,8,sub-NDAREX589EXG
560,11.9715,10.679248253687195,5,sub-NDAREY512KVX
561,9.2715,9.523362753961106,3,sub-NDAREY741MG9
562,6.7772,6.788577681857675,9,sub-NDAREY778CR9
563,7.1995,7.725514833698783,9,sub-NDAREY897LB1
564,17.5179,15.218683313778843,2,sub-NDAREZ416XDW
565,15.0792,9.512238153339814,1,sub-NDARFA089ZZG
566,13.8274,10.732368421114504,5,sub-NDARFA165XBV
567,12.4857,13.088034492110083,2,sub-NDARFA233CUK
568,7.4843,10.596944522767876,0,sub-NDARFA358RJJ
569,11.9245,8.033205929713464,8,sub-NDARFA402LMW
570,13.3815,12.915477770787552,4,sub-NDARFA737TG6
571,6.3261,8.92537479953723,3,sub-NDARFA780CUG
572,10.088,9.440533806350814,0,sub-NDARFA804ZLW
573,6.9829,8.2000148312951,6,sub-NDARFA811KTX
574,7.511,7.6321664028564555,8,sub-NDARFA815FXE
575,10.4711,12.492587486043078,2,sub-NDARFA860RPD
576,8.1879,8.192234221070509,4,sub-NDARFB146TG0
577,9.1018,9.015208366884577,7,sub-NDARFB322DRA
578,10.7361,11.058522664873065,6,sub-NDARFB371EMF
579,5.9346,8.910411274053827,4,sub-NDARFB506UJ3
580,6.854,8.78156653417285,8,sub-NDARFB575BAT
581,12.2454,12.161960067922266,0,sub-NDARFB757VY3
582,7.1364,10.771123790703225,0,sub-NDARFB908HVX
583,13.1073,12.489118736484299,3,sub-NDARFB969EMV
584,6.4433,8.09499240865919,4,sub-NDARFC694PW2
585,9.6192,9.639442263202922,3,sub-NDARFD069AW7
586,10.0627,8.516011054029573,9,sub-NDARFD316UD2
587,13.1071,12.952703524779348,6,sub-NDARFD453NPR
588,9.6055,10.465602274530736,3,sub-NDARFD552FRH
589,8.9052,11.619824758143192,5,sub-NDARFD628UVZ
590,5.4198,11.056520062033234,3,sub-NDARFD822TY5
591,8.9568,9.911389621219454,3,sub-NDARFE163HVN
592,13.1571,14.698676304982149,5,sub-NDARFE299MWU
593,6.17,9.092422214759809,4,sub-NDARFE526NK3
594,8.8938,10.940201913352219,6,sub-NDARFE555KXB
595,9.5075,9.483315153245382,8,sub-NDARFE902PF9
596,11.2598,9.281821494468456,0,sub-NDARFF070XHV
597,16.6725,13.211280699222005,5,sub-NDARFF644ZGD
598,12.7239,11.72679436825525,2,sub-NDARFG114VB1
599,9.9373,10.732369159181554,0,sub-NDARFG118DW3
600,6.1037,5.1410847754743125,9,sub-NDARFG568PXZ
601,7.2319,5.136879141800248,0,sub-NDARFG713PLR
602,12.4999,13.733135190442333,0,sub-NDARFG757CEU
603,8.6116,10.5750094657203,6,sub-NDARFG851ZNZ
604,6.5227,7.5977647432688205,3,sub-NDARFG943GVZ
605,6.2277,5.678376105110447,0,sub-NDARFG953RRK
606,7.1032,8.923414613060576,8,sub-NDARFH018DLG
607,8.2067,11.383934157838455,2,sub-NDARFH674DWX
608,9.8798,11.829367041991656,9,sub-NDARFJ000DCY
609,11.3145,11.172449143474244,4,sub-NDARFJ100BDZ
610,18.1942,14.459855204619485,0,sub-NDARFJ179MG0
611,6.0222,6.924997634907999,2,sub-NDARFJ302HVD
612,6.6136,8.323291908400535,6,sub-NDARFJ488VPT
613,8.8476,8.281332726066733,0,sub-NDARFJ494ZDJ
614,7.0704,7.503622126224034,4,sub-NDARFJ803JF7
615,9.2523,7.231554532718585,6,sub-NDARFK027LB0
616,6.9854,9.162988986180167,8,sub-NDARFK477WX9
617,15.6484,13.949034030491873,0,sub-NDARFK610GY5
618,6.3727,6.0035085627600155,0,sub-NDARFK819TD5
619,10.0687,7.723015525985444,4,sub-NDARFL411AT1
620,14.9175,13.441753643185148,0,sub-NDARFL579BAP
621,8.7376,10.996590726834048,1,sub-NDARFL793LDE
622,10.4789,11.101970453381359,6,sub-NDARFM080VAF
623,9.9532,10.504741459658053,9,sub-NDARFM211KDJ
624,6.5802,9.371497184663637,6,sub-NDARFM229HHA
625,11.2568,14.133353295447693,8,sub-NDARFM619GTV
626,14.8458,12.655032138202106,5,sub-NDARFM645RH5
627,8.8827,6.074866835045181,9,sub-NDARFM870UHU
628,6.0545,8.346947945593449,4,sub-NDARFN452VPC
629,11.1331,10.585423867568739,2,sub-NDARFN553LUV
630,7.407,9.77158762720741,2,sub-NDARFN636ZYB
631,10.5861,10.966731958927843,5,sub-NDARFP243NWY
632,12.7295,13.898194430162308,2,sub-NDARFP503KJF
633,12.9107,12.142405694719319,8,sub-NDARFP512MEK
634,5.5131,6.147427287565672,4,sub-NDARFP813TL5
635,12.9901,14.323643828092907,8,sub-NDARFP841PDJ
636,8.7267,6.284586868180032,2,sub-NDARFP909LY1
637,17.261,13.12171517491227,1,sub-NDARFR095UJK
638,7.6485,8.046676433184114,6,sub-NDARFR103CUN
639,13.1675,15.192283096250376,8,sub-NDARFR108JNB
640,7.7547,7.3592248997779866,9,sub-NDARFR301KKP
641,12.119000000000002,12.05339179705155,9,sub-NDARFR445XKP
642,9.7073,13.677776342888123,2,sub-NDARFR601RDQ
643,12.8553,14.2080307098648,0,sub-NDARFR820KFF
644,5.0532,7.365222957113083,6,sub-NDARFR849NTP
645,8.9815,10.546076076561645,6,sub-NDARFR873KZX
646,9.0778,9.692935989290895,9,sub-NDARFT176NJP
647,10.2522,10.83670354083202,0,sub-NDARFT305CG1
648,14.0243,13.816484307156006,9,sub-NDARFT581ZW5
649,7.6457,10.732368421114504,0,sub-NDARFT591CKG
650,14.3476,12.41176509896842,1,sub-NDARFT615JZ6
651,5.1675,7.741526706710079,0,sub-NDARFT698LLU
652,7.1063,10.435303202818156,8,sub-NDARFT787HJW
653,9.4636,9.353790396932487,6,sub-NDARFT834NT1
654,13.6582,11.434443129690216,1,sub-NDARFT964EU8
655,11.3139,10.405299936701383,7,sub-NDARFU395UBW
656,17.9538,16.755762912471734,8,sub-NDARFU407YL4
657,10.2489,8.076877707251674,0,sub-NDARFU444HEF
658,16.7158,12.257441037051994,8,sub-NDARFU786BN4
659,11.7465,10.331001326554931,9,sub-NDARFU916UZY
660,7.0757,4.074631533304482,5,sub-NDARFV061AR5
661,10.2983,9.823549845470364,6,sub-NDARFV557XAA
662,8.7376,9.275488089218179,1,sub-NDARFV725DEQ
663,7.3331,7.595827445473505,9,sub-NDARFV780ABD
664,11.1797,9.253238972698695,6,sub-NDARFW038ZNE
665,9.2201,9.768547627247797,6,sub-NDARFW140WFX
666,10.5829,8.350736758480995,6,sub-NDARFW292PBD
667,7.5062,7.965674791380071,7,sub-NDARFW444PN1
668,7.7384,6.790607108322439,1,sub-NDARFW506ZZ0
669,8.3111,10.787908383271827,5,sub-NDARFW578RU9
670,11.2073,11.793004840743853,1,sub-NDARFW972KFQ
671,10.912,12.623436985650919,7,sub-NDARFX455JFY
672,9.3405,9.244837524455145,3,sub-NDARFX626DFH
673,7.7848,9.687668833692252,7,sub-NDARFX710UZA
674,5.7012,9.728476946214593,3,sub-NDARFX721WR8
675,12.3927,12.3243745968122,8,sub-NDARFY009MNL
676,6.5452,8.285916304194657,7,sub-NDARFY075REK
677,9.5157,8.68852009272424,3,sub-NDARFY525TL2
678,10.1751,9.454523611594485,1,sub-NDARFY612EMR
679,10.0633,9.595336376496222,1,sub-NDARFZ296UNG
680,14.4625,12.260855923328174,1,sub-NDARGA048BD8
681,6.5145,5.087445041273802,8,sub-NDARGA056TMW
682,6.2105,9.411880230321332,5,sub-NDARGA499CKF
683,5.2496,7.217680107170409,9,sub-NDARGA507DCC
684,9.2911,13.063223064680303,8,sub-NDARGB000CW8
685,14.7998,15.333898288472383,3,sub-NDARGB040MGR
686,12.4644,12.323117106428564,3,sub-NDARGB060TAM
687,9.9862,11.39514515927102,4,sub-NDARGB102NWJ
688,7.4706,8.505141066524178,7,sub-NDARGB324PM1
689,8.562999999999999,8.133834358882272,6,sub-NDARGB441VVD
690,6.884,6.533318306381571,3,sub-NDARGB866MPN
691,12.029000000000002,11.007129560214558,6,sub-NDARGB998HX3
692,17.8551,14.743679283774766,4,sub-NDARGC124PAW
693,6.4986,5.597135351034958,0,sub-NDARGC157LYY
694,8.8774,8.697231455930439,2,sub-NDARGC170UK2
695,17.5864,18.425356334523386,1,sub-NDARGC255BUN
696,6.693,6.428043189514554,4,sub-NDARGC407NV7
697,20.8778,15.986031057020444,7,sub-NDARGC521HNP
698,6.9116,8.316752410750066,9,sub-NDARGC559LN8
699,7.8971,8.574717537719785,8,sub-NDARGD414HBX
700,9.7753,8.831593014021669,1,sub-NDARGD425PTN
701,10.0767,8.571953866289602,4,sub-NDARGD507TDZ
702,10.5885,10.459539040616464,9,sub-NDARGE366WNC
703,13.8963,15.06566375243122,8,sub-NDARGE536BGD
704,6.5802,4.735728744628812,4,sub-NDARGE643MYU
705,9.7753,6.6575067640268655,0,sub-NDARGE946RCB
706,7.5253,9.987787597732398,5,sub-NDARGE994BMX
707,9.0935,6.89372008299043,1,sub-NDARGF192VD1
708,15.1744,14.325841290181526,7,sub-NDARGF367KVL
709,6.1893,7.384742859628262,9,sub-NDARGF445UFB
710,9.5623,8.036358373670076,4,sub-NDARGF543PM2
711,9.808,10.307770375012327,5,sub-NDARGG058DYF
712,7.8151,6.31162467301202,4,sub-NDARGG205WVN
713,8.1546,7.779657851663794,8,sub-NDARGG539YGN
714,8.2507,8.37911552406117,6,sub-NDARGH074MU6
715,5.742999999999999,5.5711046313423624,3,sub-NDARGH407KVG
716,13.9149,14.497910332883237,7,sub-NDARGH492CF1
717,14.5419,14.643234536426444,8,sub-NDARGH592NZ2
718,6.7363,6.2215037149024015,6,sub-NDARGH775KF5
719,6.5151,5.353953847890052,1,sub-NDARGH790CEF
720,11.3249,12.23864665124102,5,sub-NDARGH842VFY
721,9.5754,6.861523638320217,4,sub-NDARGJ392ACY
722,13.7507,11.619224439205281,5,sub-NDARGJ395FKP
723,6.6295,7.490627916396681,6,sub-NDARGJ627BL2
724,6.2576,9.068474788084156,6,sub-NDARGJ653MG2
725,13.4362,13.717496572351505,6,sub-NDARGJ761GA8
726,12.9928,11.5242333963185,4,sub-NDARGJ878ZP4
727,10.3912,10.636272667590145,1,sub-NDARGK253TTG
728,11.7526,9.924625982749712,8,sub-NDARGK442YHH
729,12.4754,13.325830475650891,1,sub-NDARGK608LJ8
730,13.9099,12.990884770627334,4,sub-NDARGK672URV
731,8.4556,5.92103707411521,7,sub-NDARGK736HF4
732,21.5097,12.06176375486045,8,sub-NDARGK786DWR
733,8.9566,4.136735727640491,3,sub-NDARGL085RTW
734,16.2699,13.157405429973384,5,sub-NDARGL105JJ7
735,7.8069,6.5002896994769035,7,sub-NDARGL107GFK
736,8.5105,9.23197826031909,2,sub-NDARGL359WZA
737,7.8177,8.931907985266632,7,sub-NDARGL800LDW
738,7.2789,7.953349928908307,6,sub-NDARGL834CMQ
739,15.3579,12.867697622228857,7,sub-NDARGL936KTV
740,8.2151,9.703548509124033,8,sub-NDARGL963HU4
741,12.7656,11.356839886380923,2,sub-NDARGM196JMM
742,8.8909,10.40056877660715,0,sub-NDARGM240YJM
743,9.1373,9.880245211799238,4,sub-NDARGM258RZU
744,10.7582,11.44066574417834,3,sub-NDARGM421YWQ
745,8.4749,10.645702420183001,5,sub-NDARGM439FZD
746,13.4414,12.049403709542498,0,sub-NDARGM498YFL
747,8.8476,11.17892500393081,9,sub-NDARGM540EV8
748,11.8341,13.897173469171323,1,sub-NDARGM616DJC
749,20.8203,15.77088579870368,6,sub-NDARGN044FE4
750,7.5631,12.023321991952095,8,sub-NDARGN148MK2
751,7.2101,7.43033923412752,7,sub-NDARGN210CK7
752,12.0811,10.379739240075164,4,sub-NDARGN721GKT
753,12.4096,13.317049224403831,8,sub-NDARGP132PYA
754,15.3282,13.683287129832104,5,sub-NDARGP191YHN
755,12.59,9.944139400883753,0,sub-NDARGP399TDM
756,6.9805,8.392548110806178,2,sub-NDARGP984YLN
757,7.8811,8.975801855355664,4,sub-NDARGR106TJB
758,8.9869,10.024629827297602,7,sub-NDARGR125APK
759,7.1008,8.146546987384035,0,sub-NDARGR354WBH
760,15.3987,15.048320466774253,7,sub-NDARGR358FGC
761,5.9943,6.924790372433396,2,sub-NDARGR661YZG
762,5.0552,6.418267314326872,7,sub-NDARGR875AXY
763,6.975,6.70740990435217,9,sub-NDARGR893PUA
764,15.1694,11.12924452592526,1,sub-NDARGT022BEW
765,7.0133,8.059470142570536,0,sub-NDARGT267UZR
766,7.7584,10.88749739186617,9,sub-NDARGT551AFK
767,7.9216,7.748290201035914,0,sub-NDARGT634DUJ
768,9.1756,10.622330837143721,5,sub-NDARGT682ZWN
769,10.2878,11.07617202980366,9,sub-NDARGU067HT7
770,9.1427,10.10959860216538,7,sub-NDARGU100JH4
771,12.0751,12.10440280654002,4,sub-NDARGU126KC2
772,8.1304,9.45416543110639,1,sub-NDARGU182ELW
773,9.296,10.84797434952558,8,sub-NDARGU271CPG
774,11.3906,9.559447245521218,5,sub-NDARGU395RFP
775,9.4277,8.528289474677633,9,sub-NDARGU485JJA
776,6.058,7.427514831626855,6,sub-NDARGU667MCK
777,8.2611,9.87502038066251,5,sub-NDARGU729WUR
778,8.3851,6.843187074145137,5,sub-NDARGV263ZRY
779,5.7534,7.764857426347534,9,sub-NDARGV436PFT
780,8.2147,9.292218441688142,4,sub-NDARGV455JV1
781,12.6614,12.333844977448846,0,sub-NDARGV781AMW
782,13.4198,10.878100894319783,1,sub-NDARGV948BFZ
783,13.3264,11.238143382770149,7,sub-NDARGV956EGX
784,8.3958,6.265610891963145,8,sub-NDARGW180RV4
785,5.7369,8.645087931862625,3,sub-NDARGW249GEJ
786,12.6259,11.619931548714597,1,sub-NDARGW362UJZ
787,5.2195,6.842842665268136,1,sub-NDARGW404GJL
788,5.7315,9.317547817087377,3,sub-NDARGX001CB1
789,11.1775,9.394753469614553,1,sub-NDARGX161LRM
790,13.7431,16.02547379652286,0,sub-NDARGX173AC3
791,6.3776,4.66386765299208,9,sub-NDARGX443CEU
792,13.4385,10.622145860784139,3,sub-NDARGX760NYV
793,17.6467,13.254587782594484,6,sub-NDARGY054ENV
794,14.3613,13.28565316373549,7,sub-NDARGY148EVU
795,17.7726,15.306168384335884,9,sub-NDARGY542TJ5
796,10.865,9.93018342023846,7,sub-NDARGY559UL3
797,5.7045,7.3885616464695545,8,sub-NDARGY580WWL
798,13.4746,12.975857876491874,1,sub-NDARGY639ANB
799,11.7602,10.978335966728537,6,sub-NDARGY771DL8
800,11.6342,11.518276077577788,3,sub-NDARGY959RN8
801,9.4632,10.121499003178755,0,sub-NDARGZ038DRL
802,7.8535,8.885055637641983,2,sub-NDARGZ116HTR
803,9.6739,11.4469613340768,6,sub-NDARGZ207NNA
804,7.01,10.034578253445583,9,sub-NDARGZ282DLD
805,9.7731,9.320609188587463,7,sub-NDARGZ361JJ9
806,9.294,9.324811056954237,4,sub-NDARGZ553TMQ
807,13.9342,9.229865112768733,0,sub-NDARHA387FPM
808,13.4637,11.117886589643902,2,sub-NDARHB000YF8
809,15.7307,15.48837182443313,2,sub-NDARHB261JMG
810,13.6251,14.608833382943123,2,sub-NDARHB764VZ2
811,7.8725,9.642155953802575,6,sub-NDARHB772TE5
812,15.7984,14.659961911504634,2,sub-NDARHB781DD8
813,10.4136,9.552074741532033,5,sub-NDARHB993EV0
814,6.7067,6.982488300283686,7,sub-NDARHC287ZF4
815,14.2441,13.681357282039512,9,sub-NDARHC357HLP
816,9.2167,10.324553952645099,4,sub-NDARHC426PAW
817,16.5816,13.237740992525923,0,sub-NDARHC453LC1
818,6.5089,10.795975563405936,4,sub-NDARHC462NGR
819,9.8766,8.899838188414423,0,sub-NDARHC661KGK
820,9.8082,10.088281153076808,6,sub-NDARHC737MHK
821,6.5583,6.803770087547264,0,sub-NDARHC814ZZL
822,5.3625,9.406066125315514,7,sub-NDARHD059PEQ
823,12.2914,13.951333334635276,7,sub-NDARHD276TYX
824,8.0915,10.933017322772342,5,sub-NDARHD507TEF
825,6.2521,9.48182355786302,8,sub-NDARHD546PDX
826,9.4139,12.517420345838396,7,sub-NDARHD931FNA
827,11.7877,11.383599150803706,5,sub-NDARHE199NGL
828,10.1646,8.206863827775162,7,sub-NDARHE236YLB
829,7.1442,8.974458041844573,2,sub-NDARHE283KZN
830,7.607,7.934754022150992,8,sub-NDARHE772FWW
831,8.0148,11.556752307606535,3,sub-NDARHE896MYM
832,8.6725,8.654924351730768,5,sub-NDARHE899FJV
833,9.8717,8.080877694092457,8,sub-NDARHF081GX4
834,13.7725,13.293588012809264,1,sub-NDARHF150FDY
835,5.6909,10.878100947291806,9,sub-NDARHF269ATU
836,12.65,13.443207206323876,1,sub-NDARHF351AA6
837,9.6275,7.095614454688061,8,sub-NDARHF545HFW
838,5.3624,8.221116462679852,0,sub-NDARHF854JX7
839,5.2229,9.533679131400351,0,sub-NDARHF904CWB
840,9.6526,11.572944331897803,1,sub-NDARHG065YHQ
841,15.7193,14.406168386667712,0,sub-NDARHG152GZC
842,18.8211,14.711782992881435,6,sub-NDARHG188YE9
843,12.9271,13.442633086520232,5,sub-NDARHG260BM9
844,7.9081,10.329998964802504,6,sub-NDARHG294AFG
845,8.5465,9.262874547143275,1,sub-NDARHG321LLD
846,9.6472,8.480202386330383,6,sub-NDARHG594GKH
847,8.9813,10.87860792795729,7,sub-NDARHH127PCL
848,14.4193,15.192520667723961,5,sub-NDARHH654ZF9
849,14.9557,15.959009986647645,4,sub-NDARHH819LH3
850,9.7074,9.120671035372764,8,sub-NDARHJ126UW2
851,12.5161,11.458324731683568,8,sub-NDARHJ318KZA
852,9.058,11.16420378896669,7,sub-NDARHJ523XGB
853,5.5759,9.325950310788746,8,sub-NDARHJ945PV0
854,6.2625,10.34527652845044,9,sub-NDARHK526BY1
855,11.8264,9.507110543953631,3,sub-NDARHK598YJC
856,5.017,7.211256591463765,1,sub-NDARHL164JHH
857,13.5152,13.63425286346223,1,sub-NDARHL238VL2
858,11.7276,12.731746143947188,7,sub-NDARHL684WYU
859,11.1749,9.741698157735946,0,sub-NDARHL822EJK
860,6.7172,7.987869762956551,9,sub-NDARHM270YKH
861,14.2002,12.335663810424197,2,sub-NDARHM273AXL
862,13.9836,13.703591907811695,2,sub-NDARHM282EJ4
863,7.6951,8.038588521782005,9,sub-NDARHM413HVA
864,9.9017,10.946893806219105,5,sub-NDARHM421JUP
865,10.553,9.75001374642608,4,sub-NDARHM611GDR
866,13.116,13.999333266621578,1,sub-NDARHN078CDT
867,12.3625,7.607617474361785,1,sub-NDARHN131ZP6
868,9.7836,12.508375489612188,7,sub-NDARHN158DC6
869,7.4098,7.947491262045725,1,sub-NDARHN212TT6
870,6.7446,8.905002706749219,9,sub-NDARHN224TPA
871,11.5,12.545177273584983,5,sub-NDARHN386FXX
872,9.4308,10.482517934807337,8,sub-NDARHN482HPM
873,10.4028,9.865586848241024,0,sub-NDARHN749RW4
874,10.6514,10.068503000335099,2,sub-NDARHN911CNJ
875,6.3091,11.008313521594424,8,sub-NDARHN931CJV
876,17.5727,14.224569849820236,8,sub-NDARHP039DBU
877,11.6896,11.089037428609673,9,sub-NDARHP176DPE
878,13.0224,8.968621370260726,9,sub-NDARHP395DGY
879,9.8607,12.335398080365565,2,sub-NDARHP705RFA
880,14.1784,11.762347909178011,9,sub-NDARHP841RMR
881,9.5672,10.514788899840122,2,sub-NDARHP924ZHW
882,8.2284,7.346669086364081,7,sub-NDARHR099EWX
883,9.1626,10.940696206430982,3,sub-NDARHR140GMB
884,11.2564,13.45622136362895,8,sub-NDARHR372GJ7
885,9.0086,9.387076938809988,7,sub-NDARHR443EHF
886,15.6316,14.010580889474975,3,sub-NDARHR484PZP
887,17.7534,16.929067577386057,5,sub-NDARHR690ZAM
888,5.6603,7.334468388630434,1,sub-NDARHR753ZKU
889,14.5117,12.118073133671007,2,sub-NDARHR763RB4
890,10.1723,10.235326638775371,2,sub-NDARHR901YLY
891,11.3419,10.524608829523086,3,sub-NDARHR944BBY
892,8.8609,10.172383780219892,4,sub-NDARHT019ER6
893,9.5048,7.2966775718154135,4,sub-NDARHT095YB4
894,6.9744,9.389636506304234,7,sub-NDARHT218GFA
895,11.6013,10.706355646304475,8,sub-NDARHT403JJJ
896,10.6546,10.941478838929518,8,sub-NDARHT524ET0
897,5.6219,7.187594354252296,6,sub-NDARHT774ZK1
898,6.8571,3.9260456355642477,6,sub-NDARHT829KKB
899,10.0881,11.038492948479904,7,sub-NDARHU211PYD
900,7.8397,9.502347507749109,1,sub-NDARHU391FD7
901,8.2749,10.506307109766615,6,sub-NDARHU423YXP
902,8.7157,11.10722157852825,1,sub-NDARHU529JHV
903,6.728,9.093358088106955,2,sub-NDARHU831NXU
904,16.8143,15.845720269740287,5,sub-NDARHU910KZC
905,8.4233,8.60703476324676,4,sub-NDARHV260FPW
906,8.4254,9.75303725247872,3,sub-NDARHV527DNK
907,7.2319,5.908208100982596,2,sub-NDARHV885JFU
908,8.6583,10.85853322123425,7,sub-NDARHW575ZJ5
909,13.6329,13.093026044567692,5,sub-NDARHW650FXU
910,6.4433,10.206997669284839,6,sub-NDARHW718DTW
911,17.8847,16.088092876276853,0,sub-NDARHW808VDT
912,9.6794,9.760514533763107,2,sub-NDARHW933UVJ
913,12.478,13.47144038709433,4,sub-NDARHX145ZKV
914,11.0161,12.94337331827077,5,sub-NDARHX252NVH
915,9.0663,8.995843924342125,3,sub-NDARHX628PC6
916,10.4219,11.254879797025929,3,sub-NDARHX739YBW
917,8.1687,10.186714655491755,6,sub-NDARHX877BLQ
918,13.4609,12.072186062717881,7,sub-NDARHX934KJ5
919,10.556,12.70928846588712,6,sub-NDARHX963YU1
920,7.2428,6.341797550816636,8,sub-NDARHY099CUL
921,8.1571,9.60005156205522,4,sub-NDARHY177LY9
922,9.0227,10.893623906311255,5,sub-NDARHY255FVU
923,14.8162,15.741015980566406,0,sub-NDARHZ255RA6
924,13.7757,12.990641082121872,7,sub-NDARHZ413DZL
925,12.0784,13.59184760131177,4,sub-NDARHZ439EBY
926,8.3823,11.269418069620778,4,sub-NDARHZ476MJP
927,6.5178,8.960522279601449,3,sub-NDARHZ814MHQ
928,14.4735,14.650123818665598,7,sub-NDARJA157YB3
929,5.3372,8.245114480338943,2,sub-NDARJA166LHK
930,6.9695,8.974051229065344,2,sub-NDARJA262HTY
931,10.4433,9.54334350052993,0,sub-NDARJA315FUQ
932,6.8819,6.875679684922563,2,sub-NDARJA356XHT
933,7.6207,9.154397096582914,7,sub-NDARJA737FAJ
934,6.5116,10.991740374744376,4,sub-NDARJA788CH7
935,8.9324,11.360420186285323,5,sub-NDARJA830BYV
936,6.4796,6.482860317783571,5,sub-NDARJB027GMR
937,5.2797,7.731346151674604,2,sub-NDARJB233RL7
938,9.7369,9.882815526043226,5,sub-NDARJB355YHK
939,12.6664,11.228295850147232,5,sub-NDARJB366HYJ
940,8.3741,7.898820933813898,3,sub-NDARJB548ML8
941,17.0666,14.580821359654566,1,sub-NDARJC010YYF
942,9.6225,10.00405728519371,2,sub-NDARJC463HCM
943,10.0387,9.9676468254378,5,sub-NDARJC559WW5
944,6.1065,9.360868719257791,0,sub-NDARJD142DHR
945,11.8451,11.414799491147564,1,sub-NDARJD282HJ4
946,11.1113,10.908034234969794,6,sub-NDARJD387HWG
947,14.1154,10.903933756212496,5,sub-NDARJD704KEM
948,16.3106,14.98419890288843,4,sub-NDARJE070PLA
949,7.8866,8.46811287414499,2,sub-NDARJE086YU0
950,5.4637,5.1338529872777965,5,sub-NDARJE686DJL
951,5.9861,11.085411159665766,5,sub-NDARJF027UGB
952,6.1531,9.14997840764618,1,sub-NDARJF045MHG
953,10.145,9.963911049505631,8,sub-NDARJF517HC8
954,7.9661,8.058833328086154,8,sub-NDARJF565ZRA
955,14.9585,12.351615918322404,9,sub-NDARJF579EH9
956,7.7328,10.271164861353373,9,sub-NDARJG298YVA
957,11.4455,11.711495310073204,8,sub-NDARJG300HWH
958,7.9875,7.814850880205788,7,sub-NDARJG477THE
959,14.7992,16.210172366519004,8,sub-NDARJG488XHT
960,7.5857,7.071201755546223,9,sub-NDARJG494YDY
961,5.0059,5.288169577545846,3,sub-NDARJG687YYX
962,13.0175,11.860637616361853,1,sub-NDARJG738WY6
963,10.0113,8.74293291203105,4,sub-NDARJG740PM8
964,8.39,10.323008289642347,0,sub-NDARJG821GH3
965,12.1467,10.372796387930427,0,sub-NDARJH065GKG
966,12.2481,12.820356192304315,5,sub-NDARJH367WKY
967,8.3768,9.960142919980363,7,sub-NDARJH441HJD
968,7.9219,12.112741743627769,5,sub-NDARJH492TVW
969,6.1262,9.361068652211095,3,sub-NDARJH513HZX
970,11.4098,9.867693552405006,7,sub-NDARJH707GJM
971,9.3428,11.857435436087588,8,sub-NDARJH763NPD
972,5.1431,4.491272342222412,9,sub-NDARJH773JTJ
973,11.0819,8.779992102334425,2,sub-NDARJH910CGX
974,11.3413,10.170471899620944,4,sub-NDARJH925ZCD
975,9.8463,8.914470828835467,9,sub-NDARJJ011HZ1
976,5.3427,8.482067096960554,2,sub-NDARJJ173BRX
977,14.5835,13.846758775239465,8,sub-NDARJJ216EGT
978,11.0214,14.586340273898902,1,sub-NDARJJ277JP3
979,8.5136,9.92199795596416,0,sub-NDARJJ343TR0
980,5.4276,10.878100888242967,8,sub-NDARJJ345VHW
981,19.0621,13.597961650596313,4,sub-NDARJJ356DAL
982,6.2439,7.160310813072959,5,sub-NDARJJ389CP2
983,10.4986,6.592628445951954,7,sub-NDARJJ512AYJ
984,7.7498,7.906854348409155,5,sub-NDARJJ638NAC
985,6.3835,10.453910985029095,4,sub-NDARJJ767FBH
986,5.198,7.451886287656903,0,sub-NDARJJ817UP1
987,12.6089,11.443219366174494,5,sub-NDARJJ859RRW
988,10.0168,12.990608713295163,3,sub-NDARJK147LNJ
989,9.4363,6.385089056937136,7,sub-NDARJK154PF5
990,10.2548,11.185628664962712,2,sub-NDARJK651XB0
991,7.4016,10.69742435679777,8,sub-NDARJK842BCN
992,12.0314,9.601617713260808,8,sub-NDARJK910PDK
993,13.7425,14.515298687536784,1,sub-NDARJK995KMG
994,14.5643,14.770405824664032,4,sub-NDARJL025LWZ
995,5.8771,6.9625363847532045,9,sub-NDARJL058RDV
996,11.4324,11.643983222727156,8,sub-NDARJL656RDA
997,15.1553,13.931498534253288,4,sub-NDARJL861WTP
998,7.1939,7.858620210654539,1,sub-NDARJM239GN4
999,8.6336,9.444251232772244,3,sub-NDARJM296MDW
1000,10.5617,9.21153135453141,0,sub-NDARJM618NZH
1001,12.5379,11.042777568788054,3,sub-NDARJM708VGE
1002,7.6151,9.82359375392929,5,sub-NDARJM759GYH
1003,12.8696,11.573056301942742,5,sub-NDARJM765EZF
1004,16.7048,11.975049227553104,2,sub-NDARJM828PAL
1005,6.4439,7.91859496535228,3,sub-NDARJN928UPY
1006,11.1775,13.50912647569348,6,sub-NDARJP146GT9
1007,15.2511,15.030349258898656,5,sub-NDARJP444DZM
1008,10.8929,13.189182559105669,8,sub-NDARJP948FJV
1009,7.9798,7.256679560663784,5,sub-NDARJR280FEJ
1010,7.2538,9.087983755094333,3,sub-NDARJR437DJH
1011,6.9278,9.15441117246941,0,sub-NDARJR473HXT
1012,7.5603,6.158412716906811,8,sub-NDARJR525HTX
1013,10.7883,10.00433027206093,5,sub-NDARJR579FW7
1014,7.5171,9.171929170938718,1,sub-NDARJR687LGX
1015,6.1426,5.740461828072432,8,sub-NDARJT064LRE
1016,7.4759,5.117841924801797,9,sub-NDARJT172UE0
1017,8.212,8.425566863277224,3,sub-NDARJT517YHZ
1018,6.3042,6.748480433970664,0,sub-NDARJT523MV7
1019,13.1215,13.628759089554524,7,sub-NDARJT556KAM
1020,9.2856,7.463991772236216,9,sub-NDARJT588ZAX
1021,14.6789,15.371507723596954,9,sub-NDARJT615WM7
1022,15.0156,13.399779078650733,5,sub-NDARJT730WP0
1023,10.9449,12.287026578130604,0,sub-NDARJU766FBU
1024,9.1982,10.830988275345344,7,sub-NDARJU787GF5
1025,8.1107,8.862768139267523,1,sub-NDARJU805JG5
1026,12.587,12.495179074859863,6,sub-NDARJU903AZH
1027,13.1735,11.696512691298889,1,sub-NDARJV225EYT
1028,10.8984,13.443078520133719,9,sub-NDARJV268PNW
1029,9.7348,9.570496166047342,2,sub-NDARJV377HG4
1030,8.8087,8.305113161258383,6,sub-NDARJV411EH6
1031,10.3776,11.404181030879627,7,sub-NDARJV547LA3
1032,16.5793,14.212371577260893,0,sub-NDARJW315BUA
1033,12.5405,11.444446836966447,0,sub-NDARJW373UE3
1034,10.3449,9.374521400530773,3,sub-NDARJW503GA0
1035,11.8176,11.986323099587755,7,sub-NDARJW888AJ2
1036,6.7505,9.691003487122792,4,sub-NDARJW989EM6
1037,8.6964,8.88278025177715,1,sub-NDARJX121GKP
1038,16.4562,15.013597930450832,9,sub-NDARJX258XF0
1039,5.0613,8.452165015820887,4,sub-NDARJX421FWR
1040,11.9086,9.538214699182845,4,sub-NDARJX458DVE
1041,6.3941,7.83610388447031,3,sub-NDARJX505XD6
1042,7.532999999999999,10.691932596833036,5,sub-NDARJX939UCQ
1043,15.3939,11.902804307792415,4,sub-NDARJY033DKZ
1044,7.0785,9.002658154098265,0,sub-NDARJY141RFE
1045,12.5602,12.402635717771146,8,sub-NDARJY577WNJ
1046,6.9443,9.741038817096266,7,sub-NDARJY747PRJ
1047,10.1723,7.81514682508179,3,sub-NDARJZ089HVP
1048,8.6308,7.074858787218673,3,sub-NDARJZ167VEZ
1049,5.6143,6.3168813202459715,6,sub-NDARJZ274PRQ
1050,10.3612,11.43661991775798,1,sub-NDARJZ526HN3
1051,13.8958,13.296133385973748,9,sub-NDARJZ549HU8
1052,9.1345,10.317708658371,5,sub-NDARJZ679KXJ
1053,11.6452,13.09751687801442,4,sub-NDARJZ715FE8
1054,6.6295,7.011897342574914,3,sub-NDARJZ888UX6
1055,16.6094,12.45678246282793,2,sub-NDARKA085YRG
1056,8.3407,9.280957989305197,1,sub-NDARKA429EPF
1057,7.9442,7.876305434335345,2,sub-NDARKA627LF8
1058,15.1723,13.981360472728108,1,sub-NDARKA946MJ1
1059,9.882,11.207917804137214,9,sub-NDARKA958FAH
1060,7.9955,11.848270687602158,8,sub-NDARKB290YNY
1061,7.7027,9.915045700939295,3,sub-NDARKB614KGY
1062,14.8711,14.443160333268374,8,sub-NDARKB712GAP
1063,8.363,7.873976355603401,6,sub-NDARKC143BEE
1064,11.752,11.010971518993651,1,sub-NDARKC220LZG
1065,20.0729,13.272673448905286,8,sub-NDARKC880ZHY
1066,10.5694,7.89622776506665,8,sub-NDARKC978MR4
1067,11.8429,11.125145537360298,4,sub-NDARKD064EVC
1068,6.3917,7.447224554421621,3,sub-NDARKD134TCX
1069,8.5327,10.901885198086225,8,sub-NDARKD590VF4
1070,7.8677,8.96804507070734,4,sub-NDARKE331EHD
1071,16.3358,15.595616794265585,1,sub-NDARKE358TFU
1072,9.0667,10.01193216822136,5,sub-NDARKE456BVQ
1073,11.9606,12.781051573017855,4,sub-NDARKE604RXR
1074,7.4398,8.036387740066449,6,sub-NDARKE650TFQ
1075,12.6533,12.33739477945226,2,sub-NDARKF442GZ5
1076,11.5905,10.429278496676138,9,sub-NDARKF704MKL
1077,6.309,6.170264892136331,8,sub-NDARKF779EK2
1078,7.8477,5.710517747161983,2,sub-NDARKF899ZUB
1079,8.9211,9.787596082658393,6,sub-NDARKG460MWV
1080,11.3665,13.826075190148412,1,sub-NDARKG594WKT
1081,10.6405,10.802282000925132,8,sub-NDARKG697CEW
1082,10.9284,11.515279712458222,9,sub-NDARKG718VF7
1083,7.2675,9.671525581751874,2,sub-NDARKG785VAJ
1084,12.1304,11.059304857855139,0,sub-NDARKG859AGN
1085,11.8752,9.759485669894179,4,sub-NDARKH168MC1
1086,13.8936,11.498020871887544,5,sub-NDARKH171DG8
1087,19.3796,15.770505805327723,0,sub-NDARKH291KRE
1088,9.7396,6.3694090342764635,7,sub-NDARKH421UB1
1089,12.3603,11.908220555203993,2,sub-NDARKH444AGK
1090,13.9861,14.574856353191592,2,sub-NDARKH837TB2
1091,6.129,10.656765979855637,2,sub-NDARKJ322ELL
1092,8.8117,8.576041128659988,8,sub-NDARKJ871YD6
1093,11.1962,9.154036338471023,3,sub-NDARKK000PNQ
1094,12.4831,10.813778679386877,1,sub-NDARKK392ZX2
1095,12.1632,8.662194271813265,9,sub-NDARKK597VDH
1096,6.3612,8.734743474828575,6,sub-NDARKK774VP5
1097,7.5958,7.649568308866783,0,sub-NDARKL053DWW
1098,9.2747,8.583179625408183,3,sub-NDARKL223LLF
1099,9.8333,12.507375233089423,0,sub-NDARKL327YDQ
1100,7.2186,8.009269603070688,0,sub-NDARKL637YBF
1101,11.1632,13.459114927911491,7,sub-NDARKM250ET5
1102,15.9546,11.015857579756242,0,sub-NDARKM301DY0
1103,6.3913,9.983185561560198,0,sub-NDARKM476GFK
1104,18.364,13.344277809994795,4,sub-NDARKM497VKX
1105,9.9642,9.49648635853825,2,sub-NDARKM551DA4
1106,7.9054,9.10649968294514,2,sub-NDARKM568HJK
1107,5.1735,7.873196099589456,5,sub-NDARKM605AXX
1108,8.3023,11.846091966005957,7,sub-NDARKM635UY0
1109,6.9608,8.260041012078553,4,sub-NDARKM718VKX
1110,10.3452,11.068175159937836,1,sub-NDARKM784VA7
1111,6.8184,6.212828861531373,5,sub-NDARKM805EFA
1112,5.6439,9.932910718924907,4,sub-NDARKM941XLL
1113,9.1402,10.129154883194312,3,sub-NDARKN175HWB
1114,8.7766,8.014964460836257,1,sub-NDARKN346XZH
1115,13.9368,11.945503912098223,8,sub-NDARKN477EBH
1116,12.6671,12.460928451219214,0,sub-NDARKN509RP9
1117,5.5727,6.114068092234189,1,sub-NDARKN633WZA
1118,13.4551,11.74975585351715,6,sub-NDARKN742LEV
1119,7.8533,6.66361932051754,8,sub-NDARKN988BRP
1120,5.2912,6.720576548853753,5,sub-NDARKP414AZ5
1121,8.3981,8.73081096506087,4,sub-NDARKP815KPZ
1122,6.3393,6.7402882896401675,8,sub-NDARKR010EN7
1123,15.4317,13.216388099357346,1,sub-NDARKR155ME9
1124,8.9189,10.226815857105077,1,sub-NDARKR195PL9
1125,16.3654,15.986166276823996,3,sub-NDARKR391CMV
1126,13.2114,10.732951241803075,8,sub-NDARKT032RYR
1127,6.457000000000001,11.707592045953907,4,sub-NDARKT312RUD
1128,9.9122,9.572891572126043,1,sub-NDARKT540ZW0
1129,16.0454,14.948475067815696,9,sub-NDARKT714TXR
1130,14.4626,12.880758082482082,9,sub-NDARKT811ATJ
1131,5.3865,8.149813044848731,4,sub-NDARKT952ML4
1132,10.1477,7.432685588168033,4,sub-NDARKU198KFL
1133,7.3714,6.899762435047984,1,sub-NDARKU278YRR
1134,8.7819,7.763661887219747,3,sub-NDARKU616UBL
1135,13.3241,13.332569841253552,3,sub-NDARKU649DB7
1136,9.91,8.766664268268212,9,sub-NDARKV353MTD
1137,11.8916,10.942146492273816,2,sub-NDARKV800DTW
1138,6.0136,10.942146492273809,5,sub-NDARKV807EMJ
1139,9.4905,11.911558425620335,8,sub-NDARKV965WLU
1140,9.6575,9.035497790931174,7,sub-NDARKW010CT2
1141,8.423,10.173164347252738,8,sub-NDARKW145LNX
1142,6.9142,6.436911233003009,7,sub-NDARKW383ZPF
1143,11.7661,9.438820586921086,5,sub-NDARKW521EMY
1144,11.9223,13.205414455736276,6,sub-NDARKW565ZT9
1145,7.7985,9.993595529103047,7,sub-NDARKW738AMY
1146,10.1645,8.462284248024462,2,sub-NDARKX265YX7
1147,12.0346,11.591131022228547,9,sub-NDARKX346VTV
1148,15.2625,12.136454662405527,8,sub-NDARKX528PH3
1149,12.6664,9.35587572425907,8,sub-NDARKX665ZD3
1150,9.3921,10.99352346885938,8,sub-NDARKX701BJ4
1151,13.8168,12.520094636756767,3,sub-NDARKX761BH9
1152,14.3536,11.308109009746456,9,sub-NDARKX788PHG
1153,13.1133,12.076008932913275,9,sub-NDARKX807KHG
1154,20.4255,11.446154139339637,9,sub-NDARKY667THK
1155,5.5979,4.208412340748153,8,sub-NDARKZ031NJZ
1156,16.1928,12.586173238144347,8,sub-NDARKZ085UKQ
1157,15.7936,14.226433297876786,5,sub-NDARKZ198TAA
1158,8.8253,9.109647675021304,8,sub-NDARKZ312XR1
1159,6.5178,8.611603416896356,0,sub-NDARKZ479FC8
1160,9.1626,8.67708119937803,6,sub-NDARKZ601KWB
1161,10.7939,10.827432708051575,4,sub-NDARKZ634RVX
1162,6.1263,6.833055019589457,9,sub-NDARKZ949UAL
1163,10.4762,10.809489521931319,0,sub-NDARLA226ADX
1164,9.2639,11.682121183890189,5,sub-NDARLA395AG8
1165,7.7739,10.816329545311499,2,sub-NDARLA457ELH
1166,14.6162,15.594619527493183,8,sub-NDARLA516PH1
1167,8.2125,8.877190799279086,8,sub-NDARLA623HN3
1168,11.0293,12.368331890893863,7,sub-NDARLA788EWU
1169,10.3038,11.838477571441414,6,sub-NDARLA998XAC
1170,6.4522,7.4834714578027555,0,sub-NDARLB017MBJ
1171,13.9949,7.254135041368755,4,sub-NDARLB162XP2
1172,9.3487,8.240188180591131,7,sub-NDARLB581AXF
1173,7.1311,13.056184753604377,1,sub-NDARLB629BJ1
1174,10.7198,9.950431458618406,2,sub-NDARLC358CYJ
1175,9.3487,10.829970774913763,3,sub-NDARLC770YL9
1176,5.9835,4.856477130781381,4,sub-NDARLC868GLL
1177,7.2405,7.226003377275915,3,sub-NDARLD016VCA
1178,16.7649,15.249968233838615,1,sub-NDARLD287MLP
1179,7.8784,8.976234903442677,0,sub-NDARLD738DUM
1180,11.5301,10.863089153892908,9,sub-NDARLD978JVJ
1181,9.2003,10.973982293921871,5,sub-NDARLD990NH4
1182,8.2099,8.736884375865328,5,sub-NDARLE091XAZ
1183,15.2899,13.192082710079886,9,sub-NDARLE282UHJ
1184,6.8681,8.294160535506077,9,sub-NDARLE335PRN
1185,8.765,9.935031052544351,4,sub-NDARLE412VD5
1186,12.6063,13.90783272402986,0,sub-NDARLE417FRX
1187,15.6178,13.715824163811082,1,sub-NDARLE417RA4
1188,17.7178,10.666621019954672,6,sub-NDARLE849LCR
1189,15.3665,16.029588088582052,1,sub-NDARLE953JYU
1190,11.8862,13.173976292592783,0,sub-NDARLF032LXH
1191,8.6118,8.599551441173864,8,sub-NDARLF142AF5
1192,8.0422,7.267465760163068,2,sub-NDARLF283KJX
1193,7.6621,10.23867226608001,0,sub-NDARLF446MT5
1194,6.025,8.055130063544814,2,sub-NDARLF480DMW
1195,7.6507,9.263586846977987,3,sub-NDARLF484WJL
1196,9.2851,10.349219355681262,4,sub-NDARLF616PBU
1197,9.2825,10.926152569635699,8,sub-NDARLG027HUK
1198,9.9204,9.054334798188101,5,sub-NDARLG154ZA3
1199,5.5869,10.942144988616727,3,sub-NDARLG890JDU
1200,21.8196,13.088847225796819,3,sub-NDARLG918MG8
1201,9.376,11.139758454567959,7,sub-NDARLG942AZ1
1202,10.0825,11.24059750850527,6,sub-NDARLG987WB0
1203,15.3167,10.95120679865706,5,sub-NDARLH043YDK
1204,6.0196,5.032120414029055,4,sub-NDARLH263KCL
1205,7.8507,11.352934533792066,8,sub-NDARLH423CR7
1206,5.3377,4.725208548815347,7,sub-NDARLH881FBD
1207,6.4132,7.6797199516782175,1,sub-NDARLH979WFX
1208,7.4125,9.510416210028419,4,sub-NDARLJ148JH2
1209,12.5433,13.711811970256486,8,sub-NDARLJ168LXY
1210,8.597999999999999,9.497183028214383,4,sub-NDARLJ280UCN
1211,9.6221,12.1988431703188,0,sub-NDARLJ311YNA
1212,7.58,9.914851949706268,8,sub-NDARLJ334YD0
1213,7.2373,8.09485734622157,3,sub-NDARLJ356HAQ
1214,18.5425,15.31793822934123,7,sub-NDARLJ472DLM
1215,10.5616,9.884007740096353,9,sub-NDARLJ549WTT
1216,9.6656,9.249482890940453,3,sub-NDARLJ654TZ0
1217,8.8745,6.472652521504612,8,sub-NDARLJ886BFK
1218,11.0484,10.842047774192798,8,sub-NDARLJ970DEY
1219,8.6119,12.733484998638833,8,sub-NDARLK181GL4
1220,12.415,13.100213556394515,0,sub-NDARLK551KXD
1221,14.1995,12.76025822313384,2,sub-NDARLK690ZK9
1222,6.452000000000001,6.292562983950854,1,sub-NDARLK963HXP
1223,16.7245,13.705238693882972,1,sub-NDARLL181EGQ
1224,10.6685,9.406554773253022,7,sub-NDARLL572UP2
1225,8.4807,5.459249017341287,2,sub-NDARLL720BGU
1226,5.346,8.440085492488066,1,sub-NDARLL914UW4
1227,6.8485,10.669636537185644,8,sub-NDARLM196YRG
1228,9.0689,10.942381820396937,0,sub-NDARLM313FVX
1229,9.5266,9.545178486621571,4,sub-NDARLM877UZM
1230,13.1571,12.912762001655839,7,sub-NDARLN070VX7
1231,7.4537,8.97549242842558,1,sub-NDARLN550RM6
1232,16.4233,14.710942599147675,5,sub-NDARLN778RYN
1233,11.7634,12.505466906894153,5,sub-NDARLN961XGP
1234,13.6826,15.125444301298133,1,sub-NDARLP417RC6
1235,10.4678,11.238197823355893,6,sub-NDARLP624GFH
1236,6.9366,7.514393352821134,7,sub-NDARLR030EW6
1237,16.4967,13.145880456505186,3,sub-NDARLR039GJL
1238,10.2378,11.6898845001493,9,sub-NDARLR083PKF
1239,9.4856,9.011295576924617,6,sub-NDARLR586MPX
1240,13.847,11.578483333171093,7,sub-NDARLR620FW6
1241,8.5817,10.420500330289725,2,sub-NDARLR924YAV
1242,7.2355,11.905679600254674,2,sub-NDARLT314TWP
1243,8.149,9.422415932749676,8,sub-NDARLT365LHK
1244,10.7418,10.032103870650877,1,sub-NDARLU111UYF
1245,6.5884,10.644794755812596,5,sub-NDARLU606ZDD
1246,7.4375,8.796903384390646,6,sub-NDARLU939YX4
1247,11.6151,10.003105840441874,1,sub-NDARLV086DEH
1248,12.1412,10.603207726918571,6,sub-NDARLV155RW0
1249,11.0818,10.55707814265247,5,sub-NDARLV252DY2
1250,13.7539,12.814877106375004,7,sub-NDARLV387GP4
1251,7.5714,8.223250156451133,3,sub-NDARLV812JXX
1252,15.895,16.434672787604576,7,sub-NDARLW308UR0
1253,8.7814,9.70029682340483,3,sub-NDARLW312JT8
1254,6.4681,9.764733809406168,6,sub-NDARLW774VY1
1255,9.2825,6.719646653321789,3,sub-NDARLX816JUZ
1256,7.4733,9.458625707389054,7,sub-NDARLX836EHJ
1257,12.5762,14.31580472794291,9,sub-NDARLY067FD6
1258,5.9806,7.830776578339735,5,sub-NDARLY114PDC
1259,12.2015,8.927932558861576,0,sub-NDARLY465LNP
1260,12.8993,12.400264952003276,1,sub-NDARLY483UNZ
1261,6.4382,11.77946227098694,0,sub-NDARLY585ZVN
1262,7.7745,9.934467853169913,7,sub-NDARLY687YDQ
1263,17.2906,13.416446237988605,1,sub-NDARLY867ZD4
1264,6.4296,6.58579499585867,1,sub-NDARLY947EXR
1265,11.4892,10.300134277718941,7,sub-NDARLYO38AJZ
1266,18.6547,15.774245881660494,3,sub-NDARLZ007NHG
1267,7.2599,9.158541623100158,9,sub-NDARLZ104NDT
1268,9.5728,8.928698789409147,4,sub-NDARLZ701LJ3
1269,13.4363,14.51958569169757,4,sub-NDARLZ986JLL
1270,5.8054,6.844884656367248,4,sub-NDARMA154FAK
1271,6.7856,6.901445269780858,1,sub-NDARMA390CHB
1272,12.9211,9.260558063117951,3,sub-NDARMA449YB6
1273,14.5916,14.888566090214987,0,sub-NDARMA584EM0
1274,8.4832,6.346464155307505,7,sub-NDARMA598JTX
1275,6.9279,7.431069778094091,9,sub-NDARMA629XDR
1276,9.986,10.984328794049288,7,sub-NDARMB216LA6
1277,17.6032,12.438731228155799,5,sub-NDARMC325JCN
1278,14.3207,13.679873115961332,2,sub-NDARMC473UHD
1279,12.5793,12.95339461814415,5,sub-NDARMC481AWW
1280,11.1743,11.082458682866097,6,sub-NDARMC694YF3
1281,13.8745,11.730159607385465,3,sub-NDARMC759CX3
1282,8.9868,8.909531366282106,9,sub-NDARMC760NEC
1283,13.9757,10.140547920075742,3,sub-NDARMC774PRM
1284,18.8954,16.205335153666166,5,sub-NDARMC950EUL
1285,8.8285,8.64550493305795,4,sub-NDARMD134JRU
1286,11.4076,14.770208674701163,2,sub-NDARMD575AXD
1287,12.8997,12.621420795315323,5,sub-NDARMD638CM6
1288,8.2262,11.316280433750306,1,sub-NDARMD666RYJ
1289,6.2189,7.783412540418311,3,sub-NDARMD987YR6
1290,11.1831,12.237073938431859,4,sub-NDARME100GK1
1291,13.7506,13.86406663358572,9,sub-NDARME573TRB
1292,10.1783,7.26957640088458,3,sub-NDARME656MTN
1293,17.3454,14.637123012486015,4,sub-NDARME689TAF
1294,6.7472,7.475912112452904,9,sub-NDARME724FJE
1295,18.9141,15.44653852321413,3,sub-NDARME880JD7
1296,6.6821,9.69100759944762,8,sub-NDARME930DE7
1297,10.5367,9.177015175348611,9,sub-NDARMF116AFR
1298,7.4042,7.4109392005615895,4,sub-NDARMF508PA2
1299,8.201,8.103990167801236,2,sub-NDARMF560MUH
1300,9.1784,6.140252477485146,9,sub-NDARMF668NU5
1301,13.7479,9.032904988762052,0,sub-NDARMF846EVR
1302,12.8415,15.189583280778049,1,sub-NDARMF939FNX
1303,9.0639,10.334639557869215,3,sub-NDARMG239GUV
1304,17.3044,14.844678384672946,3,sub-NDARMG263JRX
1305,15.2214,14.91577629727836,7,sub-NDARMG278GYH
1306,7.9743,9.402045250033687,9,sub-NDARMG405RZK
1307,7.7745,9.495530714671863,2,sub-NDARMG451PJA
1308,13.548,14.157211568127892,5,sub-NDARMG675JB4
1309,12.2393,11.650335111211948,4,sub-NDARMG741FDL
1310,16.1851,12.901129086653508,4,sub-NDARMH231UEP
1311,12.4035,7.786135674916647,5,sub-NDARMH364EMW
1312,13.8661,10.599447674830017,8,sub-NDARMH559LKK
1313,11.0572,8.798266223574291,2,sub-NDARMH625WKL
1314,5.5781,4.066255029411898,6,sub-NDARMH677JDM
1315,10.3698,10.254332034901557,5,sub-NDARMH763YZD
1316,6.5205,6.442530214877374,2,sub-NDARMJ219AKU
1317,14.5287,15.2005807623699,4,sub-NDARMJ333WJM
1318,11.8507,9.499723489964797,6,sub-NDARMJ495DE0
1319,9.1269,10.721215792811611,6,sub-NDARMJ845MJA
1320,17.2496,14.882355528123592,5,sub-NDARMJ849UKD
1321,7.1578,7.858419169947675,0,sub-NDARMK046ZRK
1322,8.7627,8.34404613565973,1,sub-NDARMK100DJR
1323,8.0807,6.224365134575546,6,sub-NDARMK416UUQ
1324,17.9287,15.197467384272784,8,sub-NDARMK525TGP
1325,8.4398,10.713984375175421,2,sub-NDARML024FF2
1326,8.3795,9.776912140896751,7,sub-NDARML148UCE
1327,9.9593,9.565940614857515,9,sub-NDARML406ZB8
1328,5.3126,6.487470181631631,7,sub-NDARML926NEG
1329,7.6759,7.1039940836794315,7,sub-NDARMM005DLK
1330,19.7328,16.39705085621934,1,sub-NDARMM137PT6
1331,8.5268,9.683259466906906,7,sub-NDARMM326JCB
1332,6.2545,7.42127614590826,5,sub-NDARMM431GVE
1333,8.7136,7.130413730017423,1,sub-NDARMM782KJK
1334,12.565,13.204902619488454,2,sub-NDARMM878ZR1
1335,12.2536,13.037279609795467,6,sub-NDARMM905VYR
1336,14.4903,15.222790713618476,1,sub-NDARMM951YEH
1337,9.529,9.976793436210876,2,sub-NDARMM990URX
1338,12.8065,11.84689552739692,3,sub-NDARMN302YAV
1339,12.0915,10.523304881803446,7,sub-NDARMN376BMF
1340,11.0079,10.20035311566242,4,sub-NDARMN415AXR
1341,11.6129,10.782747745752824,5,sub-NDARMN695VFH
1342,11.8232,12.487352022458856,6,sub-NDARMP745EAC
1343,17.5371,17.091826331439606,6,sub-NDARMP784KKE
1344,8.2174,6.073328358700564,4,sub-NDARMP977RHZ
1345,11.0538,10.463818514006624,6,sub-NDARMR039JV5
1346,6.9367,8.50490404565181,8,sub-NDARMR134HUY
1347,11.3385,10.255589715685572,5,sub-NDARMR242UKQ
1348,8.2612,11.716537643926962,8,sub-NDARMR277TT7
1349,10.4378,12.543567593949902,4,sub-NDARMR306ZKG
1350,6.4377,6.640127618979761,2,sub-NDARMR491LM5
1351,8.6395,8.74995334135068,3,sub-NDARMR570GJ5
1352,12.1328,8.171192757904125,4,sub-NDARMR631KR5
1353,5.7616,5.9999135930707155,7,sub-NDARMR684AH2
1354,15.6948,13.096351232863935,9,sub-NDARMT064WBB
1355,8.1522,8.826684182979104,0,sub-NDARMT271DT6
1356,7.0211,5.2445353742728305,5,sub-NDARMT575KF6
1357,19.8731,15.764853291748079,3,sub-NDARMT661WCR
1358,5.7781,8.439375708882553,7,sub-NDARMT732GKM
1359,5.8328,7.601077956318186,3,sub-NDARMT784NED
1360,10.0961,11.416420549882222,2,sub-NDARMT882AWE
1361,12.182,12.23983110322586,4,sub-NDARMT898BME
1362,6.4574,9.228127970295018,4,sub-NDARMU053YEU
1363,7.5906,12.086583589335055,9,sub-NDARMU161LHN
1364,11.2839,11.538142837086165,3,sub-NDARMU269TFY
1365,14.8982,11.135850190383072,8,sub-NDARMU280FXT
1366,11.0895,13.788346296665448,0,sub-NDARMU589LP6
1367,6.1149,9.457861723266575,9,sub-NDARMU791UN7
1368,10.2709,10.684404211093442,0,sub-NDARMV189NXG
1369,7.4236,10.178139360191746,9,sub-NDARMV410ZFY
1370,14.1729,12.535939629488322,2,sub-NDARMV575DC1
1371,15.6726,15.644671578111854,7,sub-NDARMV718DYL
1372,8.7075,10.537030979556013,6,sub-NDARMV822KWR
1373,8.6123,10.52933237124205,6,sub-NDARMV981GZ7
1374,9.6821,7.101887482380118,4,sub-NDARMW088NNR
1375,14.9962,13.657461608044127,3,sub-NDARMW178UDD
1376,10.2031,4.689537542717401,4,sub-NDARMW252AJW
1377,13.1921,13.450286159097683,0,sub-NDARMW445NBC
1378,14.0441,13.0156223079851,0,sub-NDARMW473LL1
1379,14.6404,13.280258146082947,2,sub-NDARMW551YA0
1380,7.303,9.109796209796313,4,sub-NDARMW863HW5
1381,14.4213,14.666961827890756,1,sub-NDARMX277VHC
1382,13.179,12.50314164109752,1,sub-NDARMX328VWC
1383,12.7842,14.098116001461067,5,sub-NDARMX482GWR
1384,7.0214,11.249530379626076,7,sub-NDARMX835PGE
1385,7.3139,9.098723740094098,0,sub-NDARMY254BGN
1386,5.5535,6.442930825870958,1,sub-NDARMY294VNE
1387,7.5062,7.051256807547982,4,sub-NDARMY301WFK
1388,14.964,14.477030813548556,8,sub-NDARMY456WML
1389,16.4063,14.87752130558907,1,sub-NDARMY533CYM
1390,9.5453,10.41502231016865,9,sub-NDARMY873XG5
1391,10.3147,10.963687768354625,0,sub-NDARMY967HNA
1392,7.9359,10.872588190479735,7,sub-NDARMZ119VPH
1393,5.7123,5.977384544256738,3,sub-NDARMZ189EFC
1394,11.1036,9.169755497314746,1,sub-NDARMZ200GVD
1395,8.752,7.9857688868271435,3,sub-NDARMZ366UY8
1396,6.3283,7.767140540783489,7,sub-NDARMZ518UH1
1397,12.5986,8.928100751691463,7,sub-NDARMZ687XRR
1398,11.970999999999998,9.214992744891944,2,sub-NDARMZ790VHM
1399,5.5645,6.923623558398102,5,sub-NDARMZ908DUR
1400,13.4774,10.919632124410215,9,sub-NDARMZ936WYB
1401,7.3824,8.792952802119801,5,sub-NDARNA004AGP
1402,8.7404,8.356450245474562,6,sub-NDARNA055LLN
1403,10.9312,10.808084579363284,5,sub-NDARNA335GX2
1404,9.5562,10.980673346381328,0,sub-NDARNA421FL7
1405,16.4146,14.423700591493773,0,sub-NDARNA660PPK
1406,18.7364,15.718436842336533,4,sub-NDARNA768ZAK
1407,6.5939,7.842354214178732,1,sub-NDARNA856AY1
1408,6.9471,9.537318913245173,9,sub-NDARNB032ZLC
1409,15.1798,13.149688170495088,8,sub-NDARNB390JL3
1410,14.1065,13.254873507012942,4,sub-NDARNB427ARE
1411,5.3925,8.388386105912268,1,sub-NDARNB674VMY
1412,7.1475,9.827611179674873,3,sub-NDARNB738TM9
1413,8.2036,11.594824000829124,3,sub-NDARNB824ARJ
1414,14.2714,12.893609771242335,4,sub-NDARNB905CFU
1415,6.0358,8.242208966415676,8,sub-NDARNC130ZLK
1416,5.6741,8.854723270063756,8,sub-NDARNC287MK5
1417,7.5413,6.664731244328269,6,sub-NDARNC374XEL
1418,9.1346,7.5664833848980875,2,sub-NDARNC489BX5
1419,9.9205,7.456090293078533,0,sub-NDARND085WZK
1420,14.2303,13.311966294214368,4,sub-NDARND348HB3
1421,8.185,11.283321294908578,3,sub-NDARND604TNB
1422,20.6643,13.861168326144995,4,sub-NDARND697FLK
1423,6.3917,8.02277091056212,2,sub-NDARND805ZTP
1424,10.5808,9.937285604856953,7,sub-NDARNE196LV0
1425,11.7086,10.419529989438086,7,sub-NDARNE406XC3
1426,18.129,13.672744974443944,6,sub-NDARNE729PN2
1427,10.9285,9.547741366532462,3,sub-NDARNE758RD6
1428,9.4633,13.552053591849686,6,sub-NDARNE767VAJ
1429,8.7268,8.131472132679932,1,sub-NDARNE800DCT
1430,19.3358,16.05521480030815,5,sub-NDARNE906EJA
1431,11.5827,10.413923831375625,7,sub-NDARNF341BNN
1432,10.9859,11.922037528694414,7,sub-NDARNF384JN0
1433,20.4859,16.785376165075036,6,sub-NDARNF766VW2
1434,15.9086,12.681662713293822,9,sub-NDARNF873FCV
1435,7.6677,7.675123434250072,2,sub-NDARNF954MK3
1436,14.8765,13.99479931593082,2,sub-NDARNF994TPA
1437,8.1249,12.251976199357333,1,sub-NDARNG108PFB
1438,10.6684,10.877782812372013,9,sub-NDARNG689AAP
1439,9.3899,9.526145526730538,9,sub-NDARNG968RB9
1440,13.6794,7.401805383007304,8,sub-NDARNH110NV6
1441,15.5828,13.159721927826578,2,sub-NDARNH170TJU
1442,9.3373,7.575191886856297,6,sub-NDARNH200DA6
1443,9.5705,10.017624658872645,9,sub-NDARNH285EWA
1444,8.9127,8.225995145710273,5,sub-NDARNH766CU7
1445,8.2975,7.494874131505165,9,sub-NDARNJ633HHX
1446,5.4358,9.582431455871648,3,sub-NDARNJ894VH2
1447,6.3945,8.55878104924775,3,sub-NDARNJ899HW7
1448,14.0956,14.012304031267988,2,sub-NDARNK005BRN
1449,9.7316,7.140882940636194,2,sub-NDARNK055HVH
1450,11.8429,12.488574277953019,2,sub-NDARNK064DXY
1451,11.5007,10.085491036476403,2,sub-NDARNK241ZXA
1452,5.2336,8.731652725856156,3,sub-NDARNK329VC3
1453,14.0573,11.558863993430851,3,sub-NDARNK489GNR
1454,8.7134,8.554212015612814,0,sub-NDARNK768THB
1455,15.7246,12.410567809214486,2,sub-NDARNL587LVL
1456,17.3482,16.5661005595368,3,sub-NDARNL599TMZ
1457,5.8493,8.840683624632591,0,sub-NDARNM147CG2
1458,6.7361,8.349422929688082,6,sub-NDARNM624PDC
1459,9.7431,10.848263233796091,3,sub-NDARNM708YTF
1460,8.0044,9.826568805697082,7,sub-NDARNM783ZVV
1461,11.2893,6.143734424719337,4,sub-NDARNM834MY9
1462,11.8182,11.65710849842515,0,sub-NDARNM838ABN
1463,9.5649,8.727668036730641,1,sub-NDARNN042YCH
1464,15.4017,12.58770007395955,7,sub-NDARNN142WYB
1465,6.9799,7.606919708756381,2,sub-NDARNN164EA6
1466,7.4071,9.57415660545896,6,sub-NDARNN218UGY
1467,18.0382,16.372892420528615,5,sub-NDARNN624AMU
1468,6.8024,7.658611184332594,4,sub-NDARNP370WGP
1469,7.2295,7.162864462417169,7,sub-NDARNP399JVF
1470,13.2612,12.929866088495356,8,sub-NDARNP423EJQ
1471,8.9052,11.225745051828167,6,sub-NDARNP643KZH
1472,15.4864,15.544121332540112,4,sub-NDARNP812WAQ
1473,11.2351,13.019421386798914,7,sub-NDARNP939DDQ
1474,10.63,8.727036953471082,8,sub-NDARNR459MUJ
1475,8.9101,9.615385334569087,5,sub-NDARNR773DL4
1476,10.8321,10.36079034995236,0,sub-NDARNT042GRA
1477,16.2783,11.640950281715527,1,sub-NDARNT043XGH
1478,13.8685,10.218540424040121,9,sub-NDARNT151UN1
1479,6.2927,8.033288531275547,9,sub-NDARNT245TP0
1480,15.9442,14.845808763729888,0,sub-NDARNT277FMR
1481,5.4878,8.305103448451918,7,sub-NDARNT541VT2
1482,9.8163,10.436778136027263,9,sub-NDARNT572CMD
1483,6.0763,8.444490639415443,4,sub-NDARNT676ZN4
1484,14.4679,15.060282571176842,9,sub-NDARNT898ZPF
1485,6.5829,8.227272977261874,9,sub-NDARNT939YMG
1486,9.7561,10.524832304019876,2,sub-NDARNU137XR4
1487,11.7802,13.986077615980326,0,sub-NDARNU249EDF
1488,9.0448,10.762321650474254,1,sub-NDARNU282ZYZ
1489,11.262,10.441101506501768,6,sub-NDARNU497GTX
1490,6.2352,6.70987366014772,4,sub-NDARNU770PM5
1491,5.4446,7.770080616350866,4,sub-NDARNV124WR8
1492,9.1653,10.163876332051254,8,sub-NDARNV375KEK
1493,8.0285,8.737722695954751,6,sub-NDARNV399BV4
1494,6.3338,9.862675523192406,4,sub-NDARNV694EMG
1495,19.7903,15.673964900685911,9,sub-NDARNV983DET
1496,13.05,11.61205629340465,9,sub-NDARNW099DC7
1497,8.1599,8.78615678812882,6,sub-NDARNW182PJC
1498,10.9175,12.220870231970082,0,sub-NDARNW218ZBU
1499,8.7437,7.461692359148918,3,sub-NDARNW687HMZ
1500,9.7485,10.310059892675214,9,sub-NDARNW797PD6
1501,7.4343,11.662162010277624,0,sub-NDARNX050XBN
1502,11.9601,11.791489095065437,5,sub-NDARNX218UY5
1503,6.1071,8.604688561459122,3,sub-NDARNX477HZ4
1504,12.5411,8.503004648529815,8,sub-NDARNX562GP3
1505,5.2525,10.64487018374607,1,sub-NDARNX795LFK
1506,9.4721,10.475169418684434,0,sub-NDARNY023FWG
1507,14.3337,16.21091024656402,2,sub-NDARNY205RK8
1508,6.3152,7.66798430418412,0,sub-NDARNY217PLD
1509,12.2315,10.738413974943468,3,sub-NDARNY419GR2
1510,14.5803,13.327594598199873,5,sub-NDARNY875DR2
1511,12.7437,10.43939282488847,0,sub-NDARNY894TH7
1512,9.8388,10.719056376851116,3,sub-NDARNY964EA0
1513,14.296,13.02884334709598,5,sub-NDARNZ043VH0
1514,14.7446,13.358950201331643,0,sub-NDARNZ084JVC
1515,8.9762,8.730280078843695,9,sub-NDARNZ141GNH
1516,7.6452,11.264548199226503,8,sub-NDARNZ433DDH
1517,6.5911,8.763438187542942,3,sub-NDARNZ610KZY
1518,9.4522,10.883468176023031,5,sub-NDARNZ615UEU
1519,13.3376,11.230079613465653,8,sub-NDARNZ792HBN
1520,11.1146,11.162939777867665,9,sub-NDARPA005VVK
1521,8.1243,5.616474405365053,1,sub-NDARPA570LBF
1522,7.502999999999999,8.503116482404163,9,sub-NDARPA827UBJ
1523,14.6405,14.430678134831403,6,sub-NDARPB293EPC
1524,13.6279,12.054521098714687,1,sub-NDARPB619PHV
1525,10.7939,9.306989325083688,1,sub-NDARPB984UTU
1526,12.8362,11.88801807690701,6,sub-NDARPC301UWR
1527,8.4556,9.21764663088808,9,sub-NDARPC745LTD
1528,16.4452,16.572726354755453,9,sub-NDARPC817XZ5
1529,11.93,11.67624044545816,9,sub-NDARPC931KR1
1530,11.5822,13.35406511415749,4,sub-NDARPD029JVJ
1531,15.1886,14.766960753496527,7,sub-NDARPD346FCN
1532,5.5485,6.467526833761802,2,sub-NDARPD517MDH
1533,14.3426,16.323311714576253,4,sub-NDARPD568LHV
1534,8.7157,2.9334453817204276,9,sub-NDARPD572XRC
1535,13.507,14.831502481127703,4,sub-NDARPD855ARC
1536,6.835,9.149147642581122,7,sub-NDARPD977VX2
1537,9.3373,8.868785772316,5,sub-NDARPE056ACA
1538,8.1598,7.218036829805534,2,sub-NDARPE551CK7
1539,6.5528,6.675263291867199,2,sub-NDARPE596LZL
1540,7.2893,8.402844504380388,8,sub-NDARPE623MBW
1541,7.4098,8.663810046153426,6,sub-NDARPE752VYE
1542,7.8565,12.160041501591161,8,sub-NDARPE830YU0
1543,17.2777,14.664929717931297,7,sub-NDARPE838DC5
1544,12.8663,14.168658211044935,1,sub-NDARPF179GNV
1545,10.2271,8.90520979669119,4,sub-NDARPF319WV2
1546,9.1072,8.975524777279565,5,sub-NDARPF362VH8
1547,12.0807,6.754905078546304,1,sub-NDARPF395NV5
1548,5.4577,8.102820369315577,8,sub-NDARPF459CME
1549,9.4305,8.259170951841064,7,sub-NDARPF640ZRG
1550,11.1749,10.965325202852384,4,sub-NDARPF682GDC
1551,10.9252,9.232187734010843,2,sub-NDARPF937BDQ
1552,7.4787,8.020252583014232,3,sub-NDARPF988BBV
1553,9.9374,11.472128399052199,0,sub-NDARPG082MTJ
1554,8.5569,7.14401698767559,8,sub-NDARPG134TF1
1555,12.0668,9.743652637311973,7,sub-NDARPG847LB8
1556,6.164,7.763289023790868,4,sub-NDARPG873DJP
1557,11.5494,9.243166323257935,1,sub-NDARPG874CMG
1558,13.7211,10.280325333378471,0,sub-NDARPH022TRY
1559,7.8641,7.7445603768373115,1,sub-NDARPH105ZFF
1560,6.6021,8.726848012142096,1,sub-NDARPH176EWC
1561,7.6699,11.097648759189124,3,sub-NDARPH474YF3
1562,8.453,9.057000315400183,2,sub-NDARPH513LP3
1563,7.856,6.962598335560628,2,sub-NDARPH637HAZ
1564,11.1085,11.637037843863721,0,sub-NDARPH844KP2
1565,6.9224,10.639047241327798,3,sub-NDARPH923FN7
1566,7.5987,8.686464968771977,5,sub-NDARPJ151ERK
1567,10.3452,10.4547514412198,1,sub-NDARPJ691NEU
1568,13.428,10.555425945194017,8,sub-NDARPJ832WL6
1569,9.7593,10.08643954823472,3,sub-NDARPK223WVZ
1570,12.6013,10.930294426971253,9,sub-NDARPK237YHD
1571,7.8101,9.205838560667853,8,sub-NDARPK300HMV
1572,6.9525,6.082972404331399,2,sub-NDARPK337CLE
1573,9.4986,11.293234025012815,6,sub-NDARPK339NA6
1574,7.44,9.793866868983653,7,sub-NDARPK522DVQ
1575,13.0114,8.963481399478155,5,sub-NDARPK597XH0
1576,15.2785,15.20943565812125,4,sub-NDARPL194XDX
1577,11.1804,12.627455862292988,6,sub-NDARPL201YL4
1578,7.9792,10.678692586878844,2,sub-NDARPL215MTH
1579,5.8328,9.520184686827374,9,sub-NDARPL306LC6
1580,19.6321,17.235543327952815,4,sub-NDARPL406KX4
1581,20.1578,18.83811148755839,7,sub-NDARPL440BX5
1582,9.5731,12.119832101256277,0,sub-NDARPL479LHN
1583,7.2706,7.264492037117122,0,sub-NDARPL501ZUU
1584,7.3141,10.607102059278581,1,sub-NDARPL596YTD
1585,7.3776,8.335837702393015,9,sub-NDARPL651MD5
1586,7.3965,10.995225528598544,7,sub-NDARPL721WTD
1587,14.2084,14.661449304371093,4,sub-NDARPM105MKA
1588,7.7082,8.246418985644457,7,sub-NDARPM172XGD
1589,6.1039,8.622129455860007,9,sub-NDARPM572ZZV
1590,13.2222,10.55797760123832,4,sub-NDARPN418ZKT
1591,7.2483,9.796465996903782,0,sub-NDARPN886HH9
1592,7.0812,6.045214997267855,0,sub-NDARPP150TNR
1593,13.3459,11.286662192566922,4,sub-NDARPP622WV4
1594,15.8702,11.713270046391765,5,sub-NDARPP703NX4
1595,12.0696,10.402287913015753,8,sub-NDARPP726XBF
1596,10.5994,9.016485265076362,6,sub-NDARPR799VX4
1597,7.6232,7.847564248829018,9,sub-NDARPT007UXR
1598,7.5877,8.067959153623988,4,sub-NDARPT417LW6
1599,5.8848,11.206586538207688,0,sub-NDARPT777FDA
1600,9.9593,10.337915696664865,1,sub-NDARPT890YBR
1601,10.1893,13.374184921894093,0,sub-NDARPU329MDJ
1602,8.1464,10.161787869837383,6,sub-NDARPU897CM5
1603,5.7836,5.807896461577032,9,sub-NDARPU981GWF
1604,8.6505,9.631137242220307,1,sub-NDARPV009TYX
1605,5.0969,6.308604567399488,6,sub-NDARPV145KGL
1606,12.4808,11.692702131444012,2,sub-NDARPV249ZRF
1607,19.4946,14.103502255200947,1,sub-NDARPV303LAX
1608,6.3420000000000005,8.58633935037416,0,sub-NDARPV412JEN
1609,16.1249,13.572591012518053,3,sub-NDARPV595RWB
1610,10.7992,10.694410283927287,2,sub-NDARPW313LAJ
1611,8.0099,8.55947954885341,3,sub-NDARPW482TVE
1612,12.4973,11.149697308480484,0,sub-NDARPW577WJ7
1613,12.6254,11.733580766371002,3,sub-NDARPW635LN4
1614,7.1281,9.980291319046106,5,sub-NDARPW746FWF
1615,16.5657,14.525766345654489,6,sub-NDARPW786GC4
1616,8.0155,8.631437107250843,3,sub-NDARPW915RGD
1617,19.6567,18.93301652586033,7,sub-NDARPX155RF3
1618,7.2785,8.068680961437696,1,sub-NDARPX219TW0
1619,10.0438,10.485345638837268,1,sub-NDARPX244EHJ
1620,16.3873,16.3892328147567,3,sub-NDARPX661BF1
1621,7.0594,11.858347803711547,4,sub-NDARPX838GCD
1622,6.4685,8.764537739459582,2,sub-NDARPY297MD8
1623,10.2878,6.495536773234633,0,sub-NDARPY302MV9
1624,7.9086,7.802577195784351,5,sub-NDARPY478YM0
1625,5.7594,5.752574473626184,8,sub-NDARPZ020AH8
1626,12.0975,9.857686839110071,6,sub-NDARPZ344ZGE
1627,12.4096,9.10792290002956,5,sub-NDARPZ621ZLE
1628,13.6281,14.866792091775501,2,sub-NDARPZ720WKW
1629,11.3386,8.425783185729115,2,sub-NDARRA314KW4
1630,9.611,11.585639090886787,8,sub-NDARRA383KVQ
1631,14.0546,15.689059693990833,9,sub-NDARRA537FWW
1632,8.0893,9.505998006650765,5,sub-NDARRA717GYV
1633,14.025,13.12246628018282,7,sub-NDARRA719CPH
1634,10.4685,10.58672170872357,9,sub-NDARRA733VWX
1635,9.7615,9.548414831177372,8,sub-NDARRA767WB7
1636,6.3561,7.289882721735012,9,sub-NDARRA933RLX
1637,5.1133,6.246150723779532,3,sub-NDARRB338YZ0
1638,7.1743,5.952643094584364,9,sub-NDARRB901DWV
1639,11.3747,9.46060130758423,0,sub-NDARRB942UWU
1640,13.1899,12.88104596065351,2,sub-NDARRC016UZE
1641,8.5542,7.24362673197715,3,sub-NDARRC190NKB
1642,5.0748,9.724131331307728,1,sub-NDARRC295CHW
1643,7.2296,9.207659588690534,9,sub-NDARRC348AFG
1644,7.292000000000001,7.894104462458378,2,sub-NDARRC355BM6
1645,16.5684,15.38410278900412,5,sub-NDARRC819NLC
1646,6.5747,6.759749104075744,6,sub-NDARRD326KB9
1647,10.9749,12.032885614384881,5,sub-NDARRD720XZK
1648,13.6439,13.82222402889003,9,sub-NDARRD943ZWU
1649,8.1572,9.710319487660948,8,sub-NDARRE063LG2
1650,10.7231,11.178512825042514,2,sub-NDARRE214UKF
1651,12.4063,13.386184806084918,0,sub-NDARRE445RHR
1652,5.4029,6.25871757053565,1,sub-NDARRF180JBU
1653,9.94,7.256651011388179,3,sub-NDARRF415CBE
1654,8.494,9.582786237801848,6,sub-NDARRF897HB5
1655,10.6897,9.516549951987889,2,sub-NDARRG199RU4
1656,13.0997,12.576315210661848,3,sub-NDARRG415BJM
1657,9.9128,9.683140682995253,1,sub-NDARRG499ZWN
1658,6.734,10.548108395554943,5,sub-NDARRG536CVP
1659,20.9982,14.93168376707903,3,sub-NDARRG735TU5
1660,7.4838,7.146516781900691,6,sub-NDARRH199NCH
1661,6.8266,6.529793593565671,9,sub-NDARRH285LR3
1662,12.3219,13.46893251552957,1,sub-NDARRH344TL7
1663,11.3172,11.53839502685059,9,sub-NDARRH407MEY
1664,6.9668,4.455918439578405,8,sub-NDARRH725XYA
1665,9.7369,10.451529794384353,6,sub-NDARRJ130PV7
1666,8.3709,8.970780583935738,1,sub-NDARRJ728NMD
1667,14.9997,14.678396395488715,1,sub-NDARRK038CBD
1668,12.5078,14.077224631417135,7,sub-NDARRK135YAZ
1669,13.6198,13.67798414076384,2,sub-NDARRK163VY8
1670,10.1318,13.563056525284846,3,sub-NDARRK457MBX
1671,5.7485,7.282257459844059,7,sub-NDARRK882CLT
1672,8.4147,8.865947301314703,1,sub-NDARRL030XD8
1673,14.1756,11.375726986982242,4,sub-NDARRL379BET
1674,14.5506,15.869898274001262,4,sub-NDARRL660CME
1675,6.8183,8.1392427418712,4,sub-NDARRL685WB7
1676,7.487,9.26146934370179,8,sub-NDARRM073JKA
1677,5.7644,7.302336166713479,4,sub-NDARRM122UPB
1678,9.2146,10.548108395554943,9,sub-NDARRM467NP2
1679,7.678,10.88530543825775,8,sub-NDARRM586XYL
1680,13.6713,11.81089195247256,8,sub-NDARRN047XHC
1681,11.6891,12.46143193268076,4,sub-NDARRP008LJ6
1682,9.7423,12.634880364727046,9,sub-NDARRP163YRC
1683,10.7718,9.335260500362827,7,sub-NDARRP384BVX
1684,13.0092,12.720164183598687,1,sub-NDARRP592GHK
1685,6.2763,7.361169090675413,9,sub-NDARRP614EBU
1686,9.8606,11.520460324643883,8,sub-NDARRP801AX1
1687,7.6725,10.239870307933797,8,sub-NDARRP818DWL
1688,10.7258,10.210709700269197,4,sub-NDARRR464UTB
1689,6.03,9.678165054060232,4,sub-NDARRR595LRJ
1690,18.8814,13.776215848876042,6,sub-NDARRR633WLE
1691,8.0942,9.681338317878343,5,sub-NDARRT038VG1
1692,8.248,9.022763737881476,1,sub-NDARRU290EZV
1693,6.1394,6.059281109799214,8,sub-NDARRU399NYG
1694,6.6513,9.878058128614677,5,sub-NDARRU499DP2
1695,7.1361,8.815298464952942,9,sub-NDARRU501YED
1696,11.3008,11.009548832578979,9,sub-NDARRU729XRU
1697,12.9977,12.163414872025568,4,sub-NDARRU751ATE
1698,11.4076,10.548108395554943,9,sub-NDARRU820CXW
1699,8.3735,7.308775113942535,7,sub-NDARRU979UBW
1700,6.9115,7.121652957058654,2,sub-NDARRV002MA8
1701,5.0360000000000005,7.146577147556978,2,sub-NDARRV097NU1
1702,15.7575,15.951147517153272,1,sub-NDARRV410KY1
1703,8.8336,8.917934720063087,0,sub-NDARRV480PU1
1704,6.9962,8.669815519069896,9,sub-NDARRV505ND6
1705,10.4767,7.877234966158948,8,sub-NDARRV638MJV
1706,16.3466,15.068359666564827,5,sub-NDARRV688GUX
1707,5.5595,7.440898367144088,9,sub-NDARRV837BZQ
1708,11.0599,11.074348691218553,4,sub-NDARRV941EAC
1709,14.2551,16.9535376939754,5,sub-NDARRW100AU0
1710,12.9846,11.878479955651223,5,sub-NDARRW141HUT
1711,6.6677,6.524317533880309,2,sub-NDARRW481GFE
1712,9.3647,8.06777409760688,3,sub-NDARRW536ZM2
1713,7.9059,6.590756847304574,6,sub-NDARRW643DHJ
1714,7.7412,8.49142699594639,2,sub-NDARRW680PHD
1715,6.5008,7.411237330548923,8,sub-NDARRW940BL6
1716,9.507,10.99143462653361,4,sub-NDARRW951BYF
1717,7.9305,7.5551470609972275,0,sub-NDARRX443NVT
1718,8.6556,8.09036845118354,0,sub-NDARRX552PP2
1719,8.1522,7.730973093438509,7,sub-NDARRX800KW8
1720,9.7183,10.26469322184601,5,sub-NDARRX819BZ0
1721,6.2495,7.388954387159676,4,sub-NDARRX897XV1
1722,9.5646,9.777975547742138,9,sub-NDARRY097FUT
1723,17.4851,12.75701606261092,0,sub-NDARRY112RAK
1724,7.0872,11.114710315300098,6,sub-NDARRY126FA5
1725,5.581,8.426143890969756,6,sub-NDARRY215CXQ
1726,8.6396,8.966322663814056,3,sub-NDARRY268AF2
1727,16.9516,17.26764035416589,7,sub-NDARRY280KNW
1728,6.2763,9.311455136857191,3,sub-NDARRY538NE1
1729,6.6573,5.997984321827246,0,sub-NDARRY715CY4
1730,16.4611,14.85882458148194,2,sub-NDARRY768ZH3
1731,12.0127,8.959329730183695,3,sub-NDARRY785GLM
1732,11.0845,12.29163337333172,1,sub-NDARRY792KY1
1733,14.728,13.934589061162866,9,sub-NDARRY807MXC
1734,13.8848,11.192258573134891,9,sub-NDARRY885YL9
1735,16.7574,16.109211920280465,0,sub-NDARRZ199KNG
1736,8.222999999999999,10.841910009852569,2,sub-NDARRZ356HET
1737,6.9093,11.430698239048874,2,sub-NDARRZ606EDP
1738,10.8025,10.106674335872484,1,sub-NDARRZ653HKY
1739,16.9271,12.86801169170181,6,sub-NDARRZ927VC3
1740,7.785,6.978496667000982,0,sub-NDARRZ940HX6
1741,16.1161,15.103228116215574,4,sub-NDARRZ979FZ4
1742,6.0934,8.718238538803499,0,sub-NDARRZ993EL4
1743,10.1723,10.356940930810302,5,sub-NDARTA344CCA
1744,12.2311,11.799154905246171,2,sub-NDARTA808DEQ
1745,7.9196,4.747070871872005,6,sub-NDARTA819MF0
1746,5.8662,7.084342118421096,3,sub-NDARTA920XFC
1747,8.8859,8.680857426478186,7,sub-NDARTB003FDD
1748,8.4667,10.175410204119254,3,sub-NDARTB213ML4
1749,11.4541,11.254441514580783,4,sub-NDARTB219AJV
1750,6.4848,7.373019042896706,5,sub-NDARTB552HP0
1751,14.4055,13.52924092770839,9,sub-NDARTB755MF5
1752,10.6815,11.928769783321297,5,sub-NDARTB883GUN
1753,12.4147,15.03916946496171,6,sub-NDARTC227AXA
1754,10.2058,7.2100030778569995,4,sub-NDARTC527WPZ
1755,6.4904,7.707657304406613,5,sub-NDARTC652JK4
1756,9.5864,9.67291785732812,4,sub-NDARTC707KPU
1757,9.6493,10.714775909403956,9,sub-NDARTC710UM1
1758,8.3194,8.611599712258705,8,sub-NDARTC794GZ5
1759,7.5006,7.865701240627466,9,sub-NDARTC802PGL
1760,12.4481,14.141669939183508,6,sub-NDARTC865YNZ
1761,6.2844,7.999086711478985,0,sub-NDARTD468TUH
1762,10.7286,10.741171493170725,0,sub-NDARTD624AF9
1763,15.4976,11.069484976295675,4,sub-NDARTD640PC5
1764,8.6199,11.811150838239296,5,sub-NDARTD925CTP
1765,10.2817,10.58430123299684,0,sub-NDARTE159EC4
1766,11.281,10.41214032271676,1,sub-NDARTE424BUF
1767,9.3016,10.57608575297289,5,sub-NDARTE432ZRH
1768,11.7964,13.700867633214214,9,sub-NDARTE553VC1
1769,15.8785,14.870199113015396,0,sub-NDARTE773XJ5
1770,8.6445,9.434322798772246,7,sub-NDARTE785ZMJ
1771,14.6656,13.035914249843213,5,sub-NDARTF079JGU
1772,6.9965,8.987325651429897,4,sub-NDARTF133LLM
1773,15.0295,13.958905556618094,8,sub-NDARTF150VPJ
1774,16.0346,14.597128908339702,4,sub-NDARTF566PYH
1775,17.6636,10.190255414204195,7,sub-NDARTF776EYR
1776,13.5594,12.29496717497342,3,sub-NDARTF781TM8
1777,6.7916,7.183439570710409,4,sub-NDARTF833WXB
1778,6.728,9.454813437793282,6,sub-NDARTG035JK8
1779,9.2085,8.86508465685395,0,sub-NDARTG396FGE
1780,11.6294,10.085597027588038,5,sub-NDARTG464MWG
1781,10.7259,12.048647253901992,8,sub-NDARTG679NKQ
1782,6.8677,6.736968958140699,8,sub-NDARTG681ZDV
1783,7.6704,10.412942000860909,7,sub-NDARTG810FRE
1784,16.1627,15.785142337575774,5,sub-NDARTH433TE0
1785,11.7526,11.030464130504232,8,sub-NDARTH473LF8
1786,11.2242,11.323085776845716,5,sub-NDARTH529YKZ
1787,18.3289,16.021506990492522,9,sub-NDARTH610GMK
1788,11.3468,11.267513431414937,1,sub-NDARTH930FNK
1789,7.407,6.330840209442577,3,sub-NDARTJ032FJ2
1790,7.5796,6.510100849414019,5,sub-NDARTJ418GP0
1791,11.6836,11.769852734776393,6,sub-NDARTJ433TB5
1792,9.9038,8.084849788731999,2,sub-NDARTJ862ENU
1793,16.5465,13.146193520615988,2,sub-NDARTK507RJW
1794,13.3127,11.677205067607254,9,sub-NDARTK524HRR
1795,13.5075,12.455677968423606,7,sub-NDARTK657DV6
1796,8.9053,10.298758617980974,9,sub-NDARTK667PGK
1797,5.7757,7.66348741373292,7,sub-NDARTK682LJE
1798,16.5657,12.28554473338989,2,sub-NDARTK691PJJ
1799,6.5533,8.571973047514055,8,sub-NDARTK834FT9
1800,7.2783,10.049666444044718,6,sub-NDARTK878GZK
1801,8.5218,11.686373216574427,5,sub-NDARTK933KL9
1802,10.4379,11.196928166461491,9,sub-NDARTK950DY5
1803,15.0429,14.824953184353438,6,sub-NDARTL336THT
1804,11.2016,12.8084626658498,6,sub-NDARTL667CCG
1805,7.1475,10.509162610316753,3,sub-NDARTL878RZ2
1806,6.2298,9.439646305312657,9,sub-NDARTM501BT2
1807,7.0405,8.723893986878895,2,sub-NDARTM562NEW
1808,16.1386,15.606391885532389,1,sub-NDARTM712HBD
1809,9.5048,9.371272520831285,7,sub-NDARTN158LRF
1810,16.5488,16.371051746717598,8,sub-NDARTN173MXV
1811,5.9175,7.087313644828234,4,sub-NDARTN365HEV
1812,6.1367,10.55102860817463,0,sub-NDARTN400TB1
1813,7.5745,9.05007031665551,1,sub-NDARTN464MWT
1814,8.535,8.892600363564856,5,sub-NDARTN483XE4
1815,10.1231,9.413177053736897,6,sub-NDARTN487KDK
1816,9.9724,8.872285255873752,8,sub-NDARTN712UJK
1817,6.0799,6.66644871821515,4,sub-NDARTN760YH8
1818,19.2049,16.035009053456285,0,sub-NDARTP190KAN
1819,10.5065,8.975183153496184,9,sub-NDARTP313AGH
1820,15.142,13.577448648429034,1,sub-NDARTP795WU2
1821,14.1887,12.038617047683584,8,sub-NDARTR175UDC
1822,10.7584,11.091580456246216,6,sub-NDARTR365NCY
1823,12.2453,10.101685647174119,8,sub-NDARTR840XP1
1824,8.565,10.324123380612074,7,sub-NDARTT242GNN
1825,6.561,8.75648682796734,5,sub-NDARTT383DPY
1826,7.3966,10.481333498940955,2,sub-NDARTT667RKQ
1827,6.646,9.167932222712688,8,sub-NDARTT979FDD
1828,6.7175,7.39124112981666,6,sub-NDARTU644WHZ
1829,5.5759,6.331884458136478,4,sub-NDARTU768MY1
1830,8.6233,8.2611660708571,1,sub-NDARTU777GVV
1831,5.5562,7.461795697799017,6,sub-NDARTV107XD4
1832,6.205,10.295273661592535,4,sub-NDARTV119WJK
1833,11.4377,12.525010625572971,0,sub-NDARTV222FA9
1834,8.5324,9.304047885361165,6,sub-NDARTV480WBU
1835,9.9346,8.97360604313738,1,sub-NDARTV525XC0
1836,19.1989,16.287405434926953,3,sub-NDARTV776ZJ8
1837,8.5465,10.737374808187669,7,sub-NDARTW456RAG
1838,11.7056,10.512894444108442,7,sub-NDARTW501ZKN
1839,17.4713,13.916526716775781,2,sub-NDARTW567YUQ
1840,10.4789,9.585861785791806,1,sub-NDARTW685ENR
1841,8.0121,8.641057406944135,8,sub-NDARTW850GHU
1842,8.9845,8.483011441128792,4,sub-NDARTW855BPJ
1843,8.5023,8.118862151876701,9,sub-NDARTW939GJF
1844,5.4304,4.757151114389482,1,sub-NDARTX012JHM
1845,10.0825,10.019973754765774,0,sub-NDARTX575YBU
1846,16.3494,14.390936411396881,6,sub-NDARTX659HAF
1847,10.1482,8.448142733777367,4,sub-NDARTX795AKR
1848,5.6608,7.134968917450043,5,sub-NDARTX934NH6
1849,15.9792,12.822736081291485,0,sub-NDARTY010EYP
1850,5.162000000000001,7.883214295000306,5,sub-NDARTY146DKE
1851,10.2817,9.50172558210621,4,sub-NDARTY225EWV
1852,11.1742,12.457590231535374,7,sub-NDARTY533VXQ
1853,9.0935,7.210743382240576,9,sub-NDARTY549YDG
1854,15.1415,15.461101439599576,4,sub-NDARTZ018PD5
1855,13.3976,12.584556905794795,7,sub-NDARTZ926NMZ
1856,5.9646,5.3054191969129425,8,sub-NDARUA421HT8
1857,16.8306,14.944444820009407,6,sub-NDARUA821NUN
1858,13.5179,12.042313734069818,0,sub-NDARUB100PP9
1859,11.7219,12.407006742492612,1,sub-NDARUB119BLT
1860,11.0216,13.532591595303494,4,sub-NDARUB231LHN
1861,8.0154,10.222536904089084,4,sub-NDARUB495UD1
1862,8.0888,9.983430448697526,4,sub-NDARUB962AXN
1863,13.198,12.746106218500795,9,sub-NDARUC022JWT
1864,7.1174,7.196438622411144,7,sub-NDARUC144FN6
1865,5.513,7.257659419200565,3,sub-NDARUC308ZLR
1866,5.5672,5.806239520070813,6,sub-NDARUC356FCD
1867,10.8348,11.581564846171132,3,sub-NDARUC591FWN
1868,7.1935,7.7869897439862275,0,sub-NDARUC715YN4
1869,6.5857,7.044480682823426,6,sub-NDARUC771VM5
1870,10.578,11.546917066741257,2,sub-NDARUC980NZ5
1871,21.674,15.60979501070717,6,sub-NDARUD306BB0
1872,6.5556,9.524641611489198,6,sub-NDARUD394JAW
1873,5.3482,4.758205162444421,3,sub-NDARUD776KFT
1874,7.2653,4.114319484728938,2,sub-NDARUD871XPD
1875,17.346,10.792691914830334,5,sub-NDARUE113AXB
1876,19.7383,15.639859091837941,6,sub-NDARUE398GGV
1877,13.0611,15.208820109334354,7,sub-NDARUE533XNH
1878,9.1598,7.206926532276691,6,sub-NDARUE605HGP
1879,6.9197,6.785239955948923,5,sub-NDARUF069EHR
1880,7.1744,8.386475983055757,2,sub-NDARUF152ARR
1881,9.5646,12.934131922303862,9,sub-NDARUF170ABA
1882,7.382999999999999,9.72724080413416,2,sub-NDARUF236HM7
1883,18.0907,13.540906600534944,6,sub-NDARUF389TXE
1884,6.0277,9.318605614260132,9,sub-NDARUF540ZJ1
1885,6.9367,6.22220695514885,4,sub-NDARUF850XKH
1886,6.6,6.876456985634627,7,sub-NDARUF935UL3
1887,12.1549,12.717216093330652,6,sub-NDARUG323DM3
1888,12.5001,11.664993391326085,6,sub-NDARUG492VF0
1889,6.3727,8.291896329114293,7,sub-NDARUG507AZX
1890,6.1756,7.126854172439307,8,sub-NDARUH536DUK
1891,8.2373,7.943229063217757,5,sub-NDARUJ182TDW
1892,9.9894,9.44901441992168,8,sub-NDARUJ646APQ
1893,9.7456,9.087634409564172,5,sub-NDARUJ744NEU
1894,8.8012,10.35598278304567,0,sub-NDARUJ779NM0
1895,6.4625,6.38429406698045,9,sub-NDARUJ894ZXG
1896,7.2734,9.5235978325904,0,sub-NDARUJ962NZB
1897,7.4652,9.545765261471628,1,sub-NDARUK025ZFT
1898,14.5041,13.599928317458275,2,sub-NDARUK054GTN
1899,5.6525,9.56382716051389,9,sub-NDARUK101YT3
1900,9.6466,11.00411694465961,0,sub-NDARUK329RUU
1901,11.4596,12.059957374583142,5,sub-NDARUK588UY6
1902,14.2331,11.783788299506227,1,sub-NDARUK658FMU
1903,10.2713,9.477432050297498,8,sub-NDARUK719URM
1904,7.6754,5.912446540422631,2,sub-NDARUL160DMT
1905,12.845,10.612151770472723,4,sub-NDARUL224GN6
1906,7.0373,3.394328485646544,8,sub-NDARUL250RA6
1907,16.8362,15.502683570288042,3,sub-NDARUL290YKN
1908,13.9449,14.666283206725325,5,sub-NDARUL341DD2
1909,8.4419,7.389183390536786,7,sub-NDARUL454XRE
1910,15.0211,13.469523310595648,7,sub-NDARUL456EER
1911,15.7658,14.792030798114844,4,sub-NDARUL636NGK
1912,7.5775,5.696562278040851,5,sub-NDARUL675RXW
1913,21.3318,14.149651797306912,5,sub-NDARUL694GYN
1914,17.5567,14.601172232201296,4,sub-NDARUL881JR9
1915,9.7238,9.64140969327712,4,sub-NDARUL945XUU
1916,13.5234,13.550974994970689,2,sub-NDARUM009GEZ
1917,8.8937,8.297111750425616,4,sub-NDARUM569EV1
1918,9.0611,7.988136775071725,1,sub-NDARUM721FCJ
1919,7.44,12.304930753934997,9,sub-NDARUM791WPF
1920,10.8841,9.179222879163257,5,sub-NDARUM797TFA
1921,7.7965,9.213500783551618,6,sub-NDARUM991EE8
1922,6.3339,11.43740339069196,6,sub-NDARUN221VCJ
1923,16.0756,14.291283576125862,9,sub-NDARUN300FG1
1924,9.8388,9.308432673530966,2,sub-NDARUP067TM8
1925,9.0611,9.147383536303904,7,sub-NDARUP101NXA
1926,6.4981,6.963875880113369,0,sub-NDARUP249AMD
1927,14.9916,8.392018563972803,6,sub-NDARUP441BKK
1928,8.5302,9.170786626329322,2,sub-NDARUR009YJM
1929,7.0736,9.11818547615887,6,sub-NDARUR126CFH
1930,13.7758,10.306765301651959,9,sub-NDARUR987CDM
1931,16.2175,12.560423695413515,8,sub-NDARUT018UYN
1932,13.8518,13.754311088604233,6,sub-NDARUT142RT3
1933,5.214,7.460334488265076,0,sub-NDARUT233WU9
1934,7.665,10.833312529346816,3,sub-NDARUT470BM4
1935,6.4214,5.625419229949904,6,sub-NDARUT607MWK
1936,9.7644,8.183740696655143,6,sub-NDARUT651WFC
1937,14.9662,12.862355938979935,0,sub-NDARUT880HVY
1938,10.9256,11.151576737172956,2,sub-NDARUT891XYJ
1939,9.6277,10.880376340331276,5,sub-NDARUU314RH7
1940,7.785,8.694254624291387,1,sub-NDARUU615WPR
1941,7.5772,10.08634097691629,0,sub-NDARUU801VFA
1942,8.7102,11.234139355000291,0,sub-NDARUU939VRT
1943,8.6993,7.784116005974902,1,sub-NDARUU991VRE
1944,17.732,12.836663344213413,2,sub-NDARUV041YCY
1945,11.7246,10.347863944837982,5,sub-NDARUV263YB5
1946,11.758,10.593157677739685,7,sub-NDARUV418FB8
1947,11.8561,11.041276730771541,2,sub-NDARUV578DU2
1948,6.9910000000000005,8.402720963408239,5,sub-NDARUV621PB0
1949,7.9497,6.2840913940847125,7,sub-NDARUW206XUG
1950,5.4528,7.610890036979889,7,sub-NDARUW816MP3
1951,8.103,8.90459016081242,3,sub-NDARUW904FMQ
1952,6.5397,9.645577146081592,4,sub-NDARUX086TVT
1953,16.0723,14.129183698270438,3,sub-NDARUX114RGJ
1954,10.7992,9.975240873501319,7,sub-NDARUX187JTB
1955,8.2503,7.212315379394145,9,sub-NDARUX216VHK
1956,7.8753,10.348719058453073,5,sub-NDARUX284GGB
1957,5.2748,6.455311960129282,4,sub-NDARUX534HZQ
1958,10.5802,11.935881775127807,7,sub-NDARUX818MGE
1959,6.4110000000000005,8.380314887200507,9,sub-NDARUX885LMW
1960,10.537,12.920746745304434,6,sub-NDARUX886JLM
1961,6.3339,7.305399942071981,4,sub-NDARUX911VE1
1962,7.3912,8.671554503665547,7,sub-NDARUY024RVP
1963,16.3824,12.796629938049245,0,sub-NDARUY379PT5
1964,7.7363,9.509095880596622,5,sub-NDARUY529FNK
1965,7.49,10.258006171749102,2,sub-NDARUY549PGQ
1966,10.8901,6.984949464768017,0,sub-NDARUY730ANT
1967,8.6692,12.6124940296116,2,sub-NDARUY811CYU
1968,12.2941,11.28379135739781,0,sub-NDARUY818JG8
1969,10.6952,12.817643243446742,9,sub-NDARUY825AKX
1970,14.9613,12.818186659354547,3,sub-NDARUY876VL1
1971,7.0976,7.470330221419828,2,sub-NDARUZ200NRJ
1972,10.6792,10.508218609727273,5,sub-NDARUZ206DRV
1973,8.6806,6.968790504338574,7,sub-NDARUZ345THD
1974,6.4541,6.998638296070959,8,sub-NDARUZ368BT4
1975,12.4366,12.806181919587772,0,sub-NDARUZ601TW4
1976,5.7841,5.8753462797183715,5,sub-NDARUZ818ADU
1977,13.0416,10.119413894244921,2,sub-NDARUZ859WCN
1978,9.0526,10.825827874385574,2,sub-NDARVA930UA3
1979,10.8352,12.38170972557953,6,sub-NDARVB012UWL
1980,9.1593,6.224346673385854,1,sub-NDARVB151GXF
1981,15.5302,12.429564449888876,9,sub-NDARVB297WUM
1982,7.8425,10.194366363032414,8,sub-NDARVB538ZGJ
1983,12.4725,10.890014441596923,4,sub-NDARVB587ECK
1984,6.3939,8.516205138712511,4,sub-NDARVB607WW4
1985,20.7819,9.492455994733604,4,sub-NDARVB727UJC
1986,8.3353,9.894103219831461,9,sub-NDARVB819ENX
1987,13.1046,10.782033665669495,3,sub-NDARVB897AH1
1988,16.0837,16.208236393867708,6,sub-NDARVB902GA5
1989,6.6355,8.698151310995751,2,sub-NDARVC140PKY
1990,8.0532,9.886207917780052,6,sub-NDARVC195NLH
1991,8.7513,9.96929983521515,1,sub-NDARVC246ZY8
1992,14.3535,12.180652951478509,1,sub-NDARVC305AC6
1993,13.2967,12.134828286881822,0,sub-NDARVC310XV2
1994,12.4666,12.641443340667232,5,sub-NDARVC318GTX
1995,15.4678,17.98322206557787,7,sub-NDARVC350WVG
1996,11.8259,10.689585550205928,7,sub-NDARVC518NWG
1997,8.5541,11.069120005509117,0,sub-NDARVC821LP9
1998,5.3208,6.061078708716772,9,sub-NDARVC956HHP
1999,10.4459,9.084404201103034,3,sub-NDARVC964LX0
2000,14.0933,12.03035908380124,0,sub-NDARVD194JX2
2001,8.1879,5.980131605946613,3,sub-NDARVD547NLC
2002,5.7644,6.173986968037527,5,sub-NDARVD552PRC
2003,15.7301,13.318974724476455,6,sub-NDARVD599VP2
2004,7.9382,11.745920263600802,6,sub-NDARVD635FX8
2005,7.7302,10.259383383703021,6,sub-NDARVD685RRJ
2006,12.1631,9.609435428164288,8,sub-NDARVE724GEF
2007,5.7507,8.31523002044595,3,sub-NDARVF039ZLX
2008,7.3665,8.57583719332574,1,sub-NDARVF159VP9
2009,8.4481,9.012803864935375,1,sub-NDARVF786FUU
2010,7.7219,9.533758393731922,1,sub-NDARVF852TZ4
2011,6.5151,9.813990129466497,5,sub-NDARVG127VW5
2012,13.3267,12.493536823586652,7,sub-NDARVG132NF6
2013,9.6034,9.303724315806836,7,sub-NDARVG148WHV
2014,6.7203,8.109526604944802,3,sub-NDARVG436WGG
2015,7.1743,4.439985941595106,6,sub-NDARVG461LA2
2016,9.036,11.347616570027391,7,sub-NDARVG597HNL
2017,11.6156,10.517233434809484,2,sub-NDARVG618BM6
2018,19.016,14.303312802276338,0,sub-NDARVG761NR2
2019,17.4638,13.446990889570518,1,sub-NDARVG777EUZ
2020,6.6984,12.090844521775463,0,sub-NDARVG808PKQ
2021,9.9177,11.980005064349683,7,sub-NDARVG971CHH
2022,15.1804,13.999404990920917,3,sub-NDARVH033CA4
2023,8.3981,9.634210913859139,5,sub-NDARVH070WH6
2024,10.8328,12.818943722543885,4,sub-NDARVH153RE7
2025,6.8463,7.941392318891749,5,sub-NDARVJ072EHU
2026,13.9423,11.115366089340514,2,sub-NDARVJ468UZC
2027,12.1764,11.082058067499272,9,sub-NDARVJ504DAA
2028,10.6547,12.35341126920682,1,sub-NDARVJ685ZW5
2029,13.2606,13.9409988529284,7,sub-NDARVJ687ENB
2030,6.6383,8.060219659283295,3,sub-NDARVK196LEK
2031,7.9827,10.306744027553755,2,sub-NDARVK407TGE
2032,13.4391,11.489379287911644,2,sub-NDARVK847ZRT
2033,7.9574,8.458101404023425,4,sub-NDARVK922KE5
2034,10.2275,7.884529861708628,2,sub-NDARVL190JA8
2035,14.2517,13.939725163892149,1,sub-NDARVL555VVA
2036,7.2536,6.5916843983075495,7,sub-NDARVL697YGK
2037,7.6648,8.083138864275892,0,sub-NDARVL729TT5
2038,9.3427,8.792423298987162,9,sub-NDARVL964HH1
2039,5.4878,8.596800385487894,4,sub-NDARVM025NCF
2040,11.6128,10.787367023161345,1,sub-NDARVM685MER
2041,5.7316,9.610602414757773,9,sub-NDARVM774PA5
2042,10.4548,7.799433213795315,7,sub-NDARVN020FRK
2043,15.1502,12.609701114124833,0,sub-NDARVN270UU2
2044,14.452,11.171097990824842,1,sub-NDARVN363NNQ
2045,17.789,11.917781300642805,5,sub-NDARVN370YL8
2046,5.0716,10.905144621057532,5,sub-NDARVN415VF6
2047,5.8306,11.164982471359911,9,sub-NDARVN469KP6
2048,7.251,7.35142922230467,3,sub-NDARVN629CRD
2049,11.0209,9.874125999670754,9,sub-NDARVN646NZP
2050,9.4363,13.092421583691248,1,sub-NDARVN666JV7
2051,9.5047,13.989629574703883,0,sub-NDARVN883AU2
2052,6.2687,10.165469713953245,2,sub-NDARVN892TCF
2053,14.791,15.429592984115779,7,sub-NDARVN920VHJ
2054,7.4541,9.016886760316687,6,sub-NDARVP109DF0
2055,6.3064,8.34065517369688,0,sub-NDARVP135ZGE
2056,11.7575,11.10798209542658,9,sub-NDARVP281CJ4
2057,8.6478,5.014711768457664,2,sub-NDARVP285RXV
2058,12.4585,10.520781475659122,1,sub-NDARVP689NR0
2059,13.6032,13.629643532568231,3,sub-NDARVP894EX0
2060,10.2821,8.26348200830825,7,sub-NDARVP953BBF
2061,15.6616,14.696806381077689,9,sub-NDARVR601FUT
2062,8.8827,6.19194766692895,9,sub-NDARVT488RXJ
2063,11.6157,11.874689638179058,2,sub-NDARVU416CR6
2064,9.4884,8.924437145288938,6,sub-NDARVU683CTN
2065,5.2085,7.582937243660483,8,sub-NDARVU883NDE
2066,9.6493,8.689547563474312,0,sub-NDARVV174JHW
2067,9.5618,8.993632325434287,3,sub-NDARVV199XK2
2068,8.5467,11.342517094548342,9,sub-NDARVV248VW0
2069,10.5506,8.635751173496207,4,sub-NDARVV473XTY
2070,9.9286,9.030574713480842,8,sub-NDARVV704MND
2071,9.5895,9.123199541729413,2,sub-NDARVV926KLM
2072,9.9697,8.236505421927447,0,sub-NDARVX111CNA
2073,7.7689,9.345400698787921,5,sub-NDARVX162AZU
2074,9.6165,10.832578381397047,8,sub-NDARVX185WX2
2075,5.5295,5.380061931246961,4,sub-NDARVX292KKC
2076,5.1894,5.5264979251664546,6,sub-NDARVX337AC0
2077,8.0894,7.731051326615798,6,sub-NDARVX547MA0
2078,5.4665,7.091315201367434,5,sub-NDARVX856RHN
2079,8.3817,9.016479415311167,1,sub-NDARVY054WEA
2080,11.5575,10.766650496820102,5,sub-NDARVY366HWJ
2081,5.0969,7.121056052584873,4,sub-NDARVY860TY0
2082,9.1571,8.56393112103202,8,sub-NDARVZ078KTW
2083,11.3063,8.176701659953824,4,sub-NDARVZ525AA0
2084,6.394,9.735703885623932,6,sub-NDARWA102TY7
2085,15.9114,14.055946529336259,8,sub-NDARWA351ZE2
2086,8.4175,9.844105613448322,7,sub-NDARWA433WYZ
2087,9.8492,11.542954447310134,0,sub-NDARWA513WM2
2088,10.4057,8.809056073825849,9,sub-NDARWA544RDT
2089,16.4062,15.176647594246624,8,sub-NDARWA606FWB
2090,6.3091,7.9441142516691325,2,sub-NDARWA622HHZ
2091,10.6272,12.896825459906418,6,sub-NDARWB124EMA
2092,7.1394,9.325823911856533,3,sub-NDARWB179TJ0
2093,7.0955,10.255509156572028,8,sub-NDARWB457JU6
2094,6.5419,11.862256531844945,3,sub-NDARWB685NUG
2095,9.3103,9.622958850838666,5,sub-NDARWB782FLR
2096,10.7367,9.120485825506613,0,sub-NDARWC174VE6
2097,15.3003,10.294728755531896,6,sub-NDARWC399JLD
2098,11.8565,11.09942964950643,3,sub-NDARWC426HEA
2099,8.7294,9.582104078578311,6,sub-NDARWC427JB2
2100,9.4276,7.866463300275239,6,sub-NDARWC737UJ0
2101,5.2693,3.363949775187799,9,sub-NDARWC801CB5
2102,14.6103,11.020476636900158,5,sub-NDARWC925WDX
2103,10.2736,9.352663472661494,5,sub-NDARWD585PRZ
2104,8.949,8.655737020029816,3,sub-NDARWD655AAA
2105,11.5198,12.407099370770021,5,sub-NDARWD911WBU
2106,8.1654,8.455593966219416,7,sub-NDARWE818UA6
2107,9.7972,9.786365125348247,5,sub-NDARWE898TG8
2108,10.4296,9.646454181850713,7,sub-NDARWE908KF8
2109,8.543,8.698668137218183,8,sub-NDARWF086XF8
2110,15.0874,11.350278578900323,1,sub-NDARWF122UUJ
2111,10.1535,10.80168513162836,2,sub-NDARWF259RB2
2112,13.8437,11.508297920309285,1,sub-NDARWF514TW5
2113,6.4898,6.318973970484837,4,sub-NDARWF593BNF
2114,7.1524,10.767684172826291,2,sub-NDARWG200CUE
2115,8.0313,8.939225507275468,4,sub-NDARWG831JJ8
2116,5.7979,8.10498344350112,5,sub-NDARWG911DZG
2117,5.1403,9.75092792315008,5,sub-NDARWH725TXP
2118,5.8689,11.102569380954527,0,sub-NDARWH778CPD
2119,8.4644,5.943873587301755,7,sub-NDARWH779MZ2
2120,9.2748,8.686417476112002,2,sub-NDARWJ019VGU
2121,14.8819,15.185011801247336,8,sub-NDARWJ064WYP
2122,10.7882,8.521925048381341,6,sub-NDARWJ087HKJ
2123,6.5013,6.805371516767571,4,sub-NDARWJ321WKG
2124,5.6362,11.096721198256322,5,sub-NDARWJ414WB8
2125,10.4215,9.309798875953428,2,sub-NDARWJ498CZY
2126,8.6967,8.638756173064364,8,sub-NDARWJ621JRZ
2127,9.7533,8.335386259833006,5,sub-NDARWJ671YX5
2128,8.0866,8.876329261476439,0,sub-NDARWK051GG4
2129,12.8826,12.529646478708536,0,sub-NDARWK065NJ9
2130,10.1558,8.892404955911102,4,sub-NDARWK626PFY
2131,10.917,9.011753721750638,1,sub-NDARWK983JFE
2132,7.8374,11.088350016678051,1,sub-NDARWL656URE
2133,15.9387,12.223357238896966,8,sub-NDARWM319UU2
2134,7.3824,4.775471349434862,3,sub-NDARWM654UTC
2135,6.813,6.625168259766601,9,sub-NDARWM656UWL
2136,7.8533,6.9532155292983235,4,sub-NDARWM683XYZ
2137,17.4768,15.768674524220327,3,sub-NDARWN169DHY
2138,9.3349,9.856917570567484,4,sub-NDARWN424BPK
2139,9.2031,8.94173131150365,9,sub-NDARWN580TUL
2140,15.4892,13.78574499959662,3,sub-NDARWN691CG7
2141,12.7952,11.285825036380594,8,sub-NDARWN709HA2
2142,13.8601,10.931602539855309,4,sub-NDARWN739ED2
2143,14.4104,12.854189958362067,2,sub-NDARWN885MGD
2144,9.4002,8.84046773698955,2,sub-NDARWP112TDL
2145,19.0621,14.742721230818514,0,sub-NDARWP157RYM
2146,6.1756,8.088891410038233,9,sub-NDARWP458FH7
2147,13.0585,11.43375226373278,7,sub-NDARWP595TE6
2148,10.1038,10.397522060081364,6,sub-NDARWP634RZL
2149,8.0341,7.956941811529698,8,sub-NDARWP732GD1
2150,6.3260000000000005,8.191922279121432,4,sub-NDARWP815VUP
2151,5.0558,7.16143804739106,0,sub-NDARWP817CVB
2152,7.1498,11.123856097524554,3,sub-NDARWP954GPJ
2153,8.4452,6.707777273305092,5,sub-NDARWR112FNP
2154,17.1242,16.733452785825918,4,sub-NDARWR247CE1
2155,17.0718,15.581033389763064,7,sub-NDARWR448MER
2156,18.9723,11.635338067005012,8,sub-NDARWR509KGZ
2157,8.6013,12.611747277520479,1,sub-NDARWR628EFJ
2158,16.9212,14.665426681836514,8,sub-NDARWR732NZE
2159,8.0341,8.781383836018989,7,sub-NDARWR881WMX
2160,10.4001,7.0581111956552185,9,sub-NDARWR888KKT
2161,9.162,7.683941431383565,7,sub-NDARWT086XMF
2162,8.0258,7.013639826242365,1,sub-NDARWT389BYY
2163,17.2359,14.889151546149082,4,sub-NDARWT449PUN
2164,15.6239,11.079545916362273,3,sub-NDARWT538DBC
2165,9.2446,8.909718775302057,2,sub-NDARWT694TXM
2166,8.0564,10.035843102198161,3,sub-NDARWT715BMK
2167,12.3686,10.981287980924169,7,sub-NDARWU018VDB
2168,13.4193,11.586267838151736,0,sub-NDARWU381EF7
2169,10.7177,11.729972014747633,9,sub-NDARWU876CWH
2170,16.6227,14.523866571279811,4,sub-NDARWU936JGG
2171,10.1235,10.824486998904783,6,sub-NDARWV405ZW0
2172,7.435,7.801789121223436,8,sub-NDARWV449GEM
2173,17.329,14.605380308315612,8,sub-NDARWV452YZN
2174,8.2535,7.479803463127052,0,sub-NDARWV568MEU
2175,9.6794,11.079536776391542,3,sub-NDARWV625CRP
2176,8.3186,7.992925715463288,8,sub-NDARWV677EFC
2177,11.7055,11.854060022068994,0,sub-NDARWV769JM7
2178,8.5848,10.601811146612752,5,sub-NDARWV794VM2
2179,9.8629,8.35844187198088,5,sub-NDARWV938NKD
2180,6.7885,8.328130632499764,1,sub-NDARWW003WWW
2181,6.9942,9.279578498482977,5,sub-NDARWW005GCU
2182,6.3256,5.865216347005801,9,sub-NDARWW480TU2
2183,11.0927,11.083264169200088,8,sub-NDARWW820WZN
2184,8.2919,8.64651152302617,8,sub-NDARWW901MTC
2185,10.2112,6.407370153514874,6,sub-NDARWX033HYK
2186,9.0825,11.734179716778668,3,sub-NDARWX051KEV
2187,6.1284,7.197027653932779,3,sub-NDARWX173EFW
2188,7.2372,9.492681277107891,7,sub-NDARWX338NDL
2189,10.832,8.80960047813075,2,sub-NDARWX376FTQ
2190,10.7587,11.290341501203631,7,sub-NDARWX380JJK
2191,6.537000000000001,5.703823214946044,9,sub-NDARWX605LAD
2192,8.2809,8.506294755326307,3,sub-NDARWX711LBK
2193,5.2475,10.342061255874116,1,sub-NDARWY198BVY
2194,11.9409,7.45980074347235,7,sub-NDARWY235XNE
2195,6.1367,8.712653180913485,0,sub-NDARWZ024UYK
2196,8.511000000000001,9.066611754021752,7,sub-NDARWZ115KC6
2197,7.7903,6.400653875284223,8,sub-NDARWZ283CWB
2198,9.3126,12.482281024822596,9,sub-NDARWZ346RV4
2199,11.0238,12.835505064510686,9,sub-NDARWZ495PG4
2200,11.0243,9.000926544944276,9,sub-NDARWZ709DLY
2201,16.0341,11.308252165173727,2,sub-NDARWZ903DD2
2202,10.619000000000002,10.832222698891147,7,sub-NDARXB023AMW
2203,14.0659,9.378689039395985,6,sub-NDARXB286YBR
2204,13.7452,15.769026211913747,6,sub-NDARXB692PXC
2205,9.7839,9.700783920965634,8,sub-NDARXB704HFD
2206,8.2043,12.39963776977461,3,sub-NDARXB889WUB
2207,9.3515,10.058836723508193,2,sub-NDARXC055JGA
2208,5.8465,4.61944397022826,6,sub-NDARXC418YG7
2209,13.1679,12.414153802066501,7,sub-NDARXC534KT4
2210,16.7108,12.975556370220456,5,sub-NDARXC826NW7
2211,10.9446,12.180798828216412,6,sub-NDARXC828NXQ
2212,11.3524,7.410821705055776,7,sub-NDARXC878WB2
2213,16.7518,14.05285820057237,1,sub-NDARXD388TTE
2214,7.713999999999999,7.518182751583007,9,sub-NDARXD710RLN
2215,9.5403,10.243000577132388,7,sub-NDARXD907ZJL
2216,12.5,7.945370154758213,0,sub-NDARXD944ZXV
2217,19.3499,17.00924151895955,7,sub-NDARXE132BTC
2218,7.459,9.59671822303303,1,sub-NDARXE242KMQ
2219,15.3364,13.706819325220009,2,sub-NDARXE542EMB
2220,6.5337,7.091823634755354,7,sub-NDARXE638NCB
2221,14.3616,13.061052760737178,1,sub-NDARXE684LUY
2222,17.0421,13.869372611517228,6,sub-NDARXE854EDK
2223,7.2269,9.175011205720892,3,sub-NDARXE912NZP
2224,6.0084,7.647324634816757,4,sub-NDARXF203DCD
2225,11.884,12.381718386624186,6,sub-NDARXF294ME0
2226,8.0373,10.628251029690132,5,sub-NDARXF358XGE
2227,5.732,9.640902169254463,3,sub-NDARXF441RHQ
2228,7.3776,9.2177008202269,4,sub-NDARXF497LYF
2229,8.834,10.89093923613404,4,sub-NDARXF623GEL
2230,8.368,6.836864468026771,2,sub-NDARXF711LJ9
2231,7.9409,8.509762998100115,7,sub-NDARXF860CZ7
2232,10.3617,8.896602773659257,6,sub-NDARXF890FLA
2233,7.073,8.005347319730678,0,sub-NDARXF956ZU6
2234,10.1968,8.478335845813536,7,sub-NDARXG108HK2
2235,7.4487,8.20654299486269,9,sub-NDARXG469XGP
2236,9.7232,11.530911385173262,6,sub-NDARXG571WPL
2237,5.8223,10.650760088828633,9,sub-NDARXG646PM9
2238,8.0976,7.807600328902628,3,sub-NDARXG670HFE
2239,7.992999999999999,9.625777077230415,5,sub-NDARXG710BVQ
2240,9.0366,11.08142383407473,0,sub-NDARXG736VP9
2241,16.0449,13.925806549133657,4,sub-NDARXG799KWJ
2242,12.0943,11.379219445429447,5,sub-NDARXG961UAB
2243,10.4981,10.030655715477144,5,sub-NDARXG995EV6
2244,8.905,9.311182405662349,7,sub-NDARXH017ZLE
2245,8.7245,9.337394658947023,4,sub-NDARXH140YZ0
2246,9.8548,8.44093989492657,4,sub-NDARXH270TJ8
2247,8.4369,10.798896916807754,0,sub-NDARXH393TMM
2248,7.3141,9.151164505460018,6,sub-NDARXH529MTX
2249,15.1825,15.567607786346468,5,sub-NDARXH597ML1
2250,17.7431,14.637579744880316,3,sub-NDARXH654EPQ
2251,6.0031,5.6870195481026995,0,sub-NDARXJ468UGL
2252,8.0914,10.165877697158006,5,sub-NDARXJ624ZF2
2253,7.9657,10.243336220699906,9,sub-NDARXJ696AMX
2254,17.3243,14.675229811674484,1,sub-NDARXJ896XFC
2255,17.6685,16.417208370343936,9,sub-NDARXJ973GFA
2256,15.1361,16.74471136360322,6,sub-NDARXK009VGV
2257,8.8806,7.923655336524758,6,sub-NDARXK076XU8
2258,10.0025,8.096042223174488,8,sub-NDARXK164TNN
2259,18.2029,16.04312633243953,3,sub-NDARXK303DDB
2260,8.5848,9.334937004097878,6,sub-NDARXK462WRZ
2261,10.1887,12.1865465841364,1,sub-NDARXK986EK6
2262,12.363,9.772519210919523,3,sub-NDARXL023GFG
2263,9.6498,8.464372766949433,4,sub-NDARXL023NG9
2264,5.8169,8.281651540531975,9,sub-NDARXL523GHX
2265,11.0979,10.7691353604369,7,sub-NDARXL697DA6
2266,7.4815,8.201324338976118,2,sub-NDARXM200CFE
2267,5.3921,7.90849968318401,9,sub-NDARXM398VU8
2268,7.6622,11.341454035343693,4,sub-NDARXM571XCC
2269,8.0866,8.37352894689928,6,sub-NDARXN047RUT
2270,8.8251,10.723623805635139,1,sub-NDARXN140AZE
2271,8.2775,9.013968016587736,1,sub-NDARXN719LXU
2272,6.6492,9.599052485755884,3,sub-NDARXN764AC7
2273,5.789,10.754329242470249,8,sub-NDARXN893UEZ
2274,11.947,10.365560538304148,2,sub-NDARXP021FZ5
2275,16.9463,15.441384741854012,2,sub-NDARXP557DLJ
2276,10.9366,11.842190574423189,5,sub-NDARXP717YMH
2277,14.8787,12.350561634977199,3,sub-NDARXR123PFR
2278,21.0009,15.748703488863994,9,sub-NDARXR250LW3
2279,14.1096,13.484696676119553,7,sub-NDARXR346UT5
2280,11.9709,12.583960695800743,7,sub-NDARXR389XA1
2281,10.3534,12.497766248379168,2,sub-NDARXR637JER
2282,6.0114,9.727355725623028,6,sub-NDARXR965TFK
2283,8.7843,8.861463846155669,2,sub-NDARXT196WPG
2284,5.5457,6.240596825503784,5,sub-NDARXT222XYH
2285,11.3386,10.522054104104715,8,sub-NDARXT325FV6
2286,11.3413,12.166173347803898,0,sub-NDARXT792GY8
2287,12.0695,12.266073524351913,1,sub-NDARXT822TAA
2288,10.0443,8.300552122132826,6,sub-NDARXU018RGY
2289,13.5097,11.963354417729063,2,sub-NDARXU253JHC
2290,9.1839,7.925432618105498,6,sub-NDARXU376FDN
2291,13.6963,13.109083732785438,8,sub-NDARXU679ZE8
2292,15.1388,12.751608350551079,3,sub-NDARXU715EGL
2293,8.6883,9.799316052869843,1,sub-NDARXU883NMY
2294,16.5959,12.88273506999649,9,sub-NDARXU902BRT
2295,9.5815,9.350369050203934,2,sub-NDARXU995GAJ
2296,17.3104,14.874528057095057,6,sub-NDARXV034WE0
2297,9.4604,6.452274558244017,3,sub-NDARXV094ZHH
2298,8.8033,9.451980905750181,2,sub-NDARXV209WYA
2299,10.3065,10.056235733286016,1,sub-NDARXV291ATY
2300,10.9667,12.771175081820472,9,sub-NDARXV294YRJ
2301,9.8223,9.915075194818762,9,sub-NDARXV445NYZ
2302,8.3515,8.552707606066216,5,sub-NDARXV702MYC
2303,13.4118,15.92658305942464,1,sub-NDARXW276NXN
2304,10.2194,8.833772311880807,1,sub-NDARXW330ZJT
2305,16.8882,15.696604972057273,2,sub-NDARXW933TUJ
2306,7.7526,6.456367506311424,5,sub-NDARXX426ELJ
2307,15.7794,15.755418813100684,4,sub-NDARXX895FNJ
2308,9.0362,10.523945784367742,0,sub-NDARXX939FFN
2309,9.3646,10.876685083415136,2,sub-NDARXY162ERA
2310,15.6616,15.299865924487891,0,sub-NDARXY199VDP
2311,14.5965,14.978509175735898,1,sub-NDARXY240WJC
2312,10.2002,10.842043614461964,8,sub-NDARXY337ZH9
2313,17.7398,15.497790617152255,2,sub-NDARXY532ZTT
2314,7.9085,9.156976440572842,2,sub-NDARXY745NXJ
2315,8.333,8.925644040777833,8,sub-NDARXY938XY7
2316,6.4077,8.700251663618182,8,sub-NDARXZ685TU4
2317,7.1689,8.630109363007119,9,sub-NDARXZ692ULW
2318,10.4547,9.097124792912606,7,sub-NDARYA030ZG7
2319,8.5356,7.765975465907546,7,sub-NDARYA379LKT
2320,10.3557,8.207410252858189,1,sub-NDARYA496WZD
2321,8.9026,8.440375262213863,7,sub-NDARYA675XXA
2322,11.7663,8.935845911385801,1,sub-NDARYA776KBK
2323,17.5294,15.390604081300967,2,sub-NDARYA807PVN
2324,6.7501,9.850982976257338,9,sub-NDARYA851GL6
2325,14.6624,13.653136331401381,0,sub-NDARYA877HN5
2326,16.4232,12.57862783371834,7,sub-NDARYA898BRE
2327,10.3753,10.35062120287049,9,sub-NDARYA952GA1
2328,7.3308,3.330202593492886,2,sub-NDARYA955CY1
2329,16.1523,14.54913939701975,7,sub-NDARYB204HKD
2330,7.5357,7.710813161560429,0,sub-NDARYB414NGM
2331,13.6581,11.410085675443714,0,sub-NDARYB432MB5
2332,7.1059,11.162434952421629,4,sub-NDARYB743WWX
2333,8.2833,9.01326432667981,4,sub-NDARYC466ER1
2334,8.7842,10.842916815526792,6,sub-NDARYD071TYL
2335,9.1291,11.714526568539783,1,sub-NDARYD195BDH
2336,8.88,8.071856749562315,9,sub-NDARYD546HCB
2337,6.7034,6.703211610278284,6,sub-NDARYD585PXP
2338,8.5461,8.612459589604548,5,sub-NDARYD666FL0
2339,9.3569,9.160312459567589,8,sub-NDARYE017HZA
2340,16.3658,13.824996535797776,1,sub-NDARYE155BLQ
2341,6.6296,8.40011941832629,3,sub-NDARYE221LZB
2342,15.9657,12.352602232284594,4,sub-NDARYE379GGT
2343,9.0749,10.803768067336062,9,sub-NDARYE521RDA
2344,10.7226,9.904975041760082,3,sub-NDARYE814TBX
2345,10.0272,10.730466491299385,0,sub-NDARYE822ZTD
2346,13.617,13.544961067931597,9,sub-NDARYE850ZVD
2347,8.0181,10.49090426945036,7,sub-NDARYF085LZQ
2348,10.4384,9.14037193725684,6,sub-NDARYF135ZHU
2349,13.6796,9.998887966552124,0,sub-NDARYF272EDC
2350,7.9053,7.419829345854568,2,sub-NDARYF338WW1
2351,6.2494,7.282547967544,7,sub-NDARYF368WEA
2352,12.7979,11.027956357301898,8,sub-NDARYF728BEP
2353,6.3309,6.747988348499681,0,sub-NDARYG172DBJ
2354,12.4781,10.68997585482085,7,sub-NDARYG331FLY
2355,5.2195,8.032505796163836,6,sub-NDARYG419DKQ
2356,10.5253,9.894802961947246,8,sub-NDARYG546ZFF
2357,10.1454,9.760119282596339,4,sub-NDARYG665JUD
2358,5.9292,8.509935178900657,3,sub-NDARYG988PUQ
2359,16.3297,16.620586949978577,3,sub-NDARYH110YV9
2360,5.7068,8.493909558082265,5,sub-NDARYH182BBV
2361,21.4823,14.844804572286328,5,sub-NDARYH480GTD
2362,15.7275,14.1096553398354,0,sub-NDARYH697TPA
2363,13.0885,11.292591683468535,9,sub-NDARYH951HH5
2364,11.068,11.347280156766283,4,sub-NDARYH996DA9
2365,9.5726,7.683995478426159,3,sub-NDARYJ245AAD
2366,12.0888,13.137240564329861,7,sub-NDARYJ301DYN
2367,6.8403,6.839995113376254,7,sub-NDARYJ334EHH
2368,7.7985,9.837460815027104,1,sub-NDARYJ389DWX
2369,7.8319,7.914522765591222,3,sub-NDARYJ536MCR
2370,8.1988,10.453965833809987,5,sub-NDARYJ583ZMJ
2371,9.7697,12.973051752503803,8,sub-NDARYJ638RTN
2372,8.8061,9.424107177429514,8,sub-NDARYJ694EU0
2373,6.9827,9.50177341684516,8,sub-NDARYJ735XPK
2374,8.8778,9.064468321012424,4,sub-NDARYK942YHY
2375,8.6473,10.219406426726437,5,sub-NDARYL090TGH
2376,9.6302,12.056741606974176,8,sub-NDARYL124VM6
2377,13.847,11.016553415770108,5,sub-NDARYL268BVG
2378,10.1508,11.039050922847785,3,sub-NDARYL272HDW
2379,8.5734,9.230667160011203,8,sub-NDARYL284NDM
2380,10.0989,12.79265321861725,2,sub-NDARYL438DCK
2381,14.0168,15.846378830891737,5,sub-NDARYL758JGG
2382,12.5926,11.99059694082037,2,sub-NDARYL771XDP
2383,10.7231,9.41841178271003,0,sub-NDARYM257RR6
2384,18.1339,12.890796727312281,6,sub-NDARYM277DEA
2385,8.6039,7.3304454033286,0,sub-NDARYM334BZ5
2386,7.1772,11.159830522054259,5,sub-NDARYM586MYN
2387,9.1866,10.819603638512312,2,sub-NDARYM994YF0
2388,15.9163,13.349131256105585,5,sub-NDARYN152YMW
2389,13.4171,10.109996360927255,7,sub-NDARYN174NPH
2390,17.7069,9.320003577183238,8,sub-NDARYN254VW6
2391,6.1806,8.36628583517012,9,sub-NDARYN474PEK
2392,15.2653,13.016986647948912,5,sub-NDARYN484LLR
2393,10.5945,6.776079706852171,6,sub-NDARYN595JMA
2394,6.6979,8.05003591853798,4,sub-NDARYN857XMX
2395,7.9524,4.657332292885749,2,sub-NDARYP516VUU
2396,8.2968,9.9260750976619,9,sub-NDARYP863PZ4
2397,17.1762,14.358743680910626,2,sub-NDARYR150UDP
2398,5.3399,6.865310759224096,8,sub-NDARYR771VED
2399,8.2124,9.257961233750184,9,sub-NDARYT155NHX
2400,8.0915,7.524971981096671,5,sub-NDARYT389KC1
2401,8.7601,11.467560763001924,3,sub-NDARYT405NET
2402,7.3139,9.576128968959821,2,sub-NDARYT885XH3
2403,6.5507,7.959692464474887,2,sub-NDARYU120NDA
2404,9.5509,11.153240605019445,0,sub-NDARYU323ZDJ
2405,15.4131,15.293309814749431,4,sub-NDARYU575CE2
2406,7.7328,6.5905919141484555,3,sub-NDARYU620RH9
2407,9.8299,7.643097523285107,8,sub-NDARYV120ZLG
2408,17.0716,15.833514465674057,4,sub-NDARYW170CAA
2409,12.8827,12.030382126056617,9,sub-NDARYW514CH2
2410,8.7738,12.434474764147273,3,sub-NDARYW789GNP
2411,10.8079,10.785597673602226,1,sub-NDARYW903VN8
2412,16.9265,14.519350113783002,3,sub-NDARYW945PJU
2413,6.509,4.661340102417963,5,sub-NDARYW946VTC
2414,7.4295,9.860660620678294,8,sub-NDARYW984FLT
2415,8.4065,10.485293517026667,2,sub-NDARYX008UCU
2416,5.8107,6.46686397926049,5,sub-NDARYX133FFQ
2417,13.4363,11.402243225091581,5,sub-NDARYX551LBY
2418,7.7498,13.230674693182563,9,sub-NDARYX572VEW
2419,9.1948,7.025861397212272,3,sub-NDARYX592YYR
2420,12.3932,13.359834904260582,7,sub-NDARYX806FL1
2421,12.9046,10.672683330611333,8,sub-NDARYX853TAX
2422,7.769,8.885551254505573,6,sub-NDARYY022HBW
2423,6.8266,5.172419136645821,2,sub-NDARYY218AGA
2424,9.9287,9.697219571716433,1,sub-NDARYY218LU2
2425,14.5205,13.523882942813234,1,sub-NDARYY664KHF
2426,6.8162,8.42640899961642,9,sub-NDARYY694NE7
2427,13.0552,13.581842324676579,6,sub-NDARYY793DXM
2428,12.776,10.874421439119814,7,sub-NDARYZ143NTF
2429,9.2305,8.90176680918782,4,sub-NDARYZ363HP4
2430,9.8604,12.986331183794219,0,sub-NDARYZ408VWW
2431,9.8328,11.575891119543044,7,sub-NDARYZ489EHH
2432,13.5043,12.04226960717698,8,sub-NDARYZ637LK4
2433,6.6436,8.71804869503306,9,sub-NDARYZ693DE2
2434,12.8746,12.097188215021388,5,sub-NDARYZ770NA1
2435,21.8166,15.815914026444027,9,sub-NDARYZ871DXQ
2436,14.7969,12.788796174119565,9,sub-NDARYZ909VND
2437,13.6356,14.346769040282663,2,sub-NDARYZ986HEW
2438,6.4378,6.007665568179422,1,sub-NDARZ6064CX2
2439,13.6219,15.254187751261886,4,sub-NDARZA511FYF
2440,7.5197,10.144223729979755,4,sub-NDARZA694WHF
2441,15.0622,13.71637593793072,2,sub-NDARZA982YTP
2442,6.3309,8.509491657362146,9,sub-NDARZB323LHZ
2443,7.8451,10.597730106109346,0,sub-NDARZB377WZJ
2444,11.2344,8.652168431796731,1,sub-NDARZB517KTU
2445,5.1237,5.183133971726578,5,sub-NDARZB799GAK
2446,6.8161,7.4546156770773315,4,sub-NDARZC021TF4
2447,8.138,7.533093555560903,6,sub-NDARZC058BA5
2448,10.0463,9.687643545360265,3,sub-NDARZC344VH2
2449,10.0545,9.577027197411843,9,sub-NDARZC499NVX
2450,7.4974,7.74892449916155,1,sub-NDARZD099KWW
2451,14.8819,15.899881185815,9,sub-NDARZD415ZZ1
2452,13.4467,13.146408037228866,1,sub-NDARZD985LU8
2453,10.0962,9.542183338751833,3,sub-NDARZD991YLG
2454,13.7812,12.631146483639661,2,sub-NDARZE389XF0
2455,11.9519,11.766956503222783,2,sub-NDARZE542ZVH
2456,13.5951,11.250183681416166,3,sub-NDARZE685UJ5
2457,9.8711,10.392892009893703,5,sub-NDARZE831DKC
2458,8.2064,9.932471138235329,4,sub-NDARZE850WXD
2459,11.6533,9.227225707552225,1,sub-NDARZE923ZKG
2460,5.0414,10.361798528385105,2,sub-NDARZE963MEU
2461,8.6912,9.234055686679367,7,sub-NDARZF170TZ0
2462,9.7047,11.458071572482613,8,sub-NDARZF615DC0
2463,9.0311,10.787989316337303,3,sub-NDARZF625MH8
2464,5.5486,8.087456543954403,9,sub-NDARZF949WTW
2465,16.4749,9.793613543653299,3,sub-NDARZG081LYG
2466,11.7389,12.28931503321795,9,sub-NDARZG263HRK
2467,17.4473,13.398650697927668,4,sub-NDARZG671PT1
2468,8.0533,7.619461655609834,9,sub-NDARZG690NHH
2469,11.205,11.584148886984051,4,sub-NDARZG861CXJ
2470,20.2748,15.066988952355812,7,sub-NDARZH366BF8
2471,7.4016,11.768874605228266,9,sub-NDARZH451LRZ
2472,12.6719,13.848750341077123,1,sub-NDARZH517ZVK
2473,10.181,10.3258172539604,1,sub-NDARZH521MMD
2474,10.8239,10.662405071121388,9,sub-NDARZH629NVF
2475,10.5803,12.750928486688764,5,sub-NDARZH699ZET
2476,7.7525,12.694520998594363,5,sub-NDARZH761YA7
2477,11.6266,12.115733136714546,7,sub-NDARZJ016GL0
2478,9.5513,8.726237438424844,1,sub-NDARZJ460RWZ
2479,6.6492,10.643993805744847,0,sub-NDARZJ587UZU
2480,7.7685,8.501242755713637,8,sub-NDARZJ598BK0
2481,7.4185,8.813553911074676,8,sub-NDARZJ603JM0
2482,16.0394,17.1407204906373,0,sub-NDARZJ607YLU
2483,17.9401,14.094884119770928,2,sub-NDARZK631UMQ
2484,6.7286,8.649976248232072,9,sub-NDARZK732FZ0
2485,16.137999999999998,13.085241103007828,1,sub-NDARZK745JGG
2486,17.6439,15.009323781545374,2,sub-NDARZL113CU0
2487,11.3389,10.943179149502392,8,sub-NDARZL683VNX
2488,5.6823,5.9185627469966535,2,sub-NDARZL724HAX
2489,8.1518,10.46688750642139,8,sub-NDARZL799MFW
2490,16.0367,11.33599270300823,6,sub-NDARZL855WVA
2491,6.7614,7.82481078977586,9,sub-NDARZM865KE8
2492,12.2558,12.722095668032505,0,sub-NDARZM903TNL
2493,10.274,11.579153663889997,3,sub-NDARZN088VER
2494,9.1209,10.607347110074679,1,sub-NDARZN148PMN
2495,11.1278,10.107572418287877,8,sub-NDARZN277NR6
2496,9.4686,9.061989182851914,6,sub-NDARZN578YDP
2497,5.4172,6.436896415189798,1,sub-NDARZN610GTY
2498,9.3372,8.124305503693282,6,sub-NDARZN677EYE
2499,11.021,11.890889139942734,4,sub-NDARZN899JCM
2500,6.4214,8.55770004532349,0,sub-NDARZN914GPB
2501,9.2091,7.607669533778463,2,sub-NDARZP065VGY
2502,11.6485,10.1198760995101,1,sub-NDARZP564MHU
2503,21.1894,18.827183216604205,4,sub-NDARZP630WYL
2504,12.5274,9.533504482517131,1,sub-NDARZR412TBP
2505,10.1778,7.875748591062688,8,sub-NDARZR538EZH
2506,7.0129,9.315866354470662,7,sub-NDARZR567HWG
2507,10.4192,11.657955166624038,1,sub-NDARZR968TLL
2508,11.8183,12.537816364620339,4,sub-NDARZT096AUP
2509,17.2418,15.75592562989506,2,sub-NDARZT199MF6
2510,7.5719,8.747372957682309,2,sub-NDARZT581RNV
2511,11.8318,8.236189676382995,5,sub-NDARZT940RZG
2512,6.3864,7.766979680712845,6,sub-NDARZT957CWG
2513,9.3261,10.924080029904852,6,sub-NDARZU401RCU
2514,6.5972,9.09846402846062,3,sub-NDARZU822WN3
2515,5.3509,6.017860795387057,8,sub-NDARZV132DRG
2516,19.2866,16.96336593617011,8,sub-NDARZV421TCZ
2517,6.9394,8.650882554188078,1,sub-NDARZV608BL8
2518,9.1461,12.204212671670076,3,sub-NDARZV766YXP
2519,9.05,7.376797405094683,8,sub-NDARZV895RZ5
2520,11.665,12.319549519805982,8,sub-NDARZW013RUH
2521,11.188,8.361341931307416,0,sub-NDARZW363UGM
2522,10.509,6.8817016596715375,4,sub-NDARZW472CCF
2523,7.9602,10.523838428759431,1,sub-NDARZW662UK6
2524,10.5228,13.225534143046431,1,sub-NDARZW854BH0
2525,9.5042,8.248515092879572,4,sub-NDARZW873DN3
2526,10.5692,10.83570846199968,0,sub-NDARZW930MF2
2527,14.8868,14.740216378832919,6,sub-NDARZW980YF9
2528,11.2017,10.315460704534537,2,sub-NDARZX561DR9
2529,7.6979,7.932937390847744,8,sub-NDARZY019GNZ
2530,8.3543,7.54688003564136,3,sub-NDARZY101JNB
2531,10.9258,9.386526488176914,6,sub-NDARZY224TFX
2532,10.4795,11.82178356610053,0,sub-NDARZZ007YMP
2533,9.069,7.904877904851443,7,sub-NDARZZ740MLM
2534,7.9929,10.023733865978908,3,sub-NDARZZ741VJE
2535,15.4212,15.884825471264861,0,sub-NDARZZ830JM7
2536,10.0084,10.463476918417587,1,sub-NDARZZ993CEV
